shape_index,batch,sq,sk,hq,hkv,d,main_median_us,patch_median_us,speedup,latency_increase_percent,main_round0_us,main_round1_us,main_round2_us,patch_round0_us,patch_round1_us,patch_round2_us
0,1,128,8192,16,16,64,65.42054942533291,65.6848964837631,0.9959755275172651,0.4040734306762328,65.4051106216179,65.42054942533291,65.53379923723409,67.56044460189902,65.6848964837631,65.59467259733668
1,1,2048,2048,16,16,64,41.36160268621929,41.86517239106092,0.9879716318820377,1.2174811229193727,41.62513243894164,38.157969497193136,41.36160268621929,35.907945879327386,43.26175545223561,41.86517239106092
2,1,8192,8192,16,16,64,244.61274355823218,175.60953846878223,1.3929354048254987,-28.209161994466225,244.9606930139264,244.22446681916367,244.61274355823218,175.4989731226036,175.60953846878223,175.78463415169662
3,1,16384,16384,16,16,64,781.2810947752406,687.5481685282479,1.1363292501347733,-11.997337049856283,781.2810947752406,785.8798006349359,776.1670183717158,661.4622897115247,687.5481685282479,689.1582087794346
4,1,2049,8193,16,16,64,97.61673330908512,96.47936937837979,1.0117886750093146,-1.1651321368274847,100.02427564519326,97.60984326853897,97.61673330908512,96.46421424395224,96.47936937837979,96.50173383436615
5,1,128,8192,16,4,64,90.30248788450955,90.24416718250167,1.0006462545317742,-0.06458371565849497,90.30248788450955,90.32329514543002,90.29933057639296,90.24636339293508,90.21141724409283,90.24416718250167
6,1,2048,2048,16,4,64,41.54610007232753,41.14053947144163,1.00985793103582,-0.9761700861930844,41.54610007232753,33.77530587301271,42.227649967908505,41.83281861145475,35.99807947479939,41.14053947144163
7,1,8192,8192,16,4,64,225.89792728093852,170.51000615960922,1.3248367786080681,-24.519003688088723,226.00947546236443,225.5314013487856,225.89792728093852,170.51000615960922,170.47311372393085,171.24892642100653
8,1,16384,16384,16,4,64,699.0623756458884,654.1708553587639,1.0686235406536184,-6.421675926364612,691.9990721820058,702.7031044960022,699.0623756458884,654.1708553587639,657.58780052336,652.4184786937606
9,1,2049,8193,16,4,64,96.33586110209512,96.0500825174971,1.0029753080591677,-0.29664818617768374,96.33586110209512,96.32457295329507,96.34923798342545,96.78655114257708,96.0500825174971,95.9656192018087
10,1,128,8192,16,1,64,90.33925755497881,90.1987652791548,1.0015575853548462,-0.15551630556462914,90.35796403842971,90.33925755497881,90.33168041253393,90.1987652791548,90.21468763839924,90.1943446255066
11,1,2048,2048,16,1,64,40.27283095955804,41.296471604403,0.9752123945442395,2.541764808818381,40.27283095955804,45.01934578066522,36.437963935081406,44.64239798931539,41.296471604403,40.66998806146314
12,1,8192,8192,16,1,64,172.31262813611852,169.8768909468695,1.0143382491619228,-1.4135569839518025,171.1081920977909,172.31262813611852,174.13106890709977,169.8768909468695,169.8647749557924,173.45964881690307
13,1,16384,16384,16,1,64,655.6350656435,657.5267237165699,0.9971230704322136,0.2885230171777442,655.6350656435,653.2568538442571,657.3700538703373,640.2688866493686,658.792560369196,657.5267237165699
14,1,2049,8193,16,1,64,96.24164314173264,95.81566992260161,1.0044457573534173,-0.44260800753754825,97.12481071338331,96.20566398824577,96.24164314173264,95.8059025662286,95.82939874102821,95.81566992260161
15,1,128,8192,5,5,64,63.733819501790386,65.53177092856134,0.9725636679538087,2.8210319745868295,63.704426225335304,63.73804678679794,63.733819501790386,65.42623153380059,66.1362852518623,65.53177092856134
16,1,2048,2048,5,5,64,39.60300003227806,39.23719863010421,1.0093228215811818,-0.9236709387564268,40.868324611997245,35.295085863647415,39.60300003227806,45.64936021556259,35.29016896632513,39.23719863010421
17,1,8192,8192,5,5,64,119.7526779714232,100.18878126022767,1.1952703333158707,-16.336917923342053,119.7526779714232,119.8446097851589,119.12956676078012,100.11831431121784,100.21588329019421,100.18878126022767
18,1,16384,16384,5,5,64,334.2356193428257,263.2673632377272,1.2695672385377108,-21.233002109301324,334.2356193428257,334.016122840918,334.33538388747434,263.2673632377272,263.22477794366193,263.6157951007287
19,1,2049,8193,5,5,64,93.78370956131597,92.60390663430803,1.0127403148515859,-1.258004116628153,93.76876526106443,93.78370956131597,93.97370018001295,92.54237469601428,92.60390663430803,92.70386133850232
20,1,128,8192,16,16,96,75.85348418634858,75.86022970084005,0.9999110796985711,0.008892820895223252,75.85348418634858,75.8575873408692,75.84845340289411,75.86022970084005,75.91703185834079,75.85710462841814
21,1,2048,2048,16,16,96,42.59114167110229,42.47631048079298,1.002703417246214,-0.26961284859668977,42.59114167110229,42.15429893980344,42.729466072299196,42.47631048079298,59.834993816518384,42.236876647387234
22,1,8192,8192,16,16,96,262.9982774393468,211.25677394364075,1.2449223403814245,-19.673704329732267,256.27297512823486,268.76754456378046,262.9982774393468,208.68570460836486,215.81804021900774,211.25677394364075
23,1,16384,16384,16,16,96,908.5103323062261,807.7957722229686,1.1246782460944327,-11.085681307288676,908.5103323062261,899.1108328393362,915.2956546648688,807.7957722229686,800.4818839185378,824.6935205122011
24,1,2049,8193,16,16,96,109.85504425996636,108.34940526462701,1.0138961445303927,-1.370568830482044,110.3574708378052,109.85504425996636,109.50004383921623,108.34940526462701,109.25447561387067,108.23029674229767
25,1,128,8192,16,4,96,93.09962579465638,93.82852904762103,0.9922315391665715,0.782928230637947,93.09753191514606,93.09962579465638,93.15525103096172,93.82852904762103,93.82615652586463,93.86382143586705
26,1,2048,2048,16,4,96,40.31439026442879,39.96862714777517,1.0086508629724817,-0.8576667398060511,41.606233706593954,40.2596467649037,40.31439026442879,39.69332085797018,39.96862714777517,40.1634649594717
27,1,8192,8192,16,4,96,241.3814421616444,208.5876585801831,1.1572182352718392,-13.585876067266389,241.3814421616444,239.30019095894835,249.77683670380534,201.23136759219204,208.5876585801831,211.0031334447189
28,1,16384,16384,16,4,96,832.9815184120583,782.1455724903794,1.0649955043021153,-6.102890015926077,809.9174594122265,838.7290094662638,832.9815184120583,782.1455724903794,774.5555478593577,786.2541312972705
29,1,2049,8193,16,4,96,101.85512659138523,103.74939160639745,0.981741916885656,1.8597640378097857,101.85512659138523,101.45465593424535,104.10799209292479,111.69027293795149,101.90702624595504,103.74939160639745
30,1,128,8192,16,1,96,93.20264925981162,93.98662444824973,0.9916586515045045,0.8411511847186803,93.19590476577375,93.20264925981162,93.20852503449926,94.00308838498903,93.84997604619419,93.98662444824973
31,1,2048,2048,16,1,96,40.50864180079875,41.93691782537819,0.9659422747630939,3.525855128895672,40.50864180079875,41.33602513174992,40.29328199388421,42.92956504115017,41.14312369133778,41.93691782537819
32,1,8192,8192,16,1,96,206.92205676010678,203.96032022578376,1.0145211408329051,-1.4313295453836972,194.0913537542941,208.53846732752467,206.92205676010678,197.14609573391033,204.01808562810007,203.96032022578376
33,1,16384,16384,16,1,96,778.9370443509973,780.2659663997713,0.9982968345333505,0.1706071188180891,778.9370443509973,765.5407325081204,779.9842636116215,764.5544251709273,780.2659663997713,784.9296260688265
34,1,2049,8193,16,1,96,101.40833892551913,100.37667652368546,1.0102779095459515,-1.0173348787335779,106.31686286628246,100.73560955672778,101.40833892551913,100.37283393347762,100.37667652368546,100.8273841452229
35,1,128,8192,5,5,96,75.61028044608969,75.72786476575968,0.998447278025946,0.15551366689325885,75.60083756970752,75.61028044608969,75.75977373130198,75.65994055803158,75.73871920337376,75.72786476575968
36,1,2048,2048,5,5,96,42.86214772023653,41.227006148829155,1.039661904274701,-3.814884830503662,43.60784056506285,37.421984419459214,42.86214772023653,41.227006148829155,41.88043575131075,40.49136830492314
37,1,8192,8192,5,5,96,120.64204174896766,104.74435144011387,1.151776110981441,-13.177570669712091,120.59975611203808,121.08317762613297,120.64204174896766,104.77269228961732,104.74435144011387,104.63833923616131
38,1,16384,16384,5,5,96,351.34632372262564,289.99937007931396,1.2115416789579008,-17.460536656060967,348.6966351194987,380.0152980706148,351.34632372262564,285.7275802249971,292.8850738013663,289.99937007931396
39,1,2049,8193,5,5,96,96.41685369892939,96.32057906093453,1.000999523039972,-0.09985249912373151,96.43592794020117,96.4071872883928,96.41685369892939,97.08443061182541,96.32057906093453,96.30120644368321
40,1,128,8192,16,16,128,67.44281322249711,67.3041400022623,1.0020603965852641,-0.20561600800564905,67.44281322249711,67.37423867460818,67.48217275172337,67.6491367697848,67.3041400022623,67.26585553674528
41,1,2048,2048,16,16,128,41.14552387203353,39.858734814693385,1.0322837406486316,-3.1274095849215033,41.73803987456303,41.14552387203353,40.12320452117901,39.858734814693385,36.5491400072107,40.156755561420056
42,1,8192,8192,16,16,128,288.22929633074796,260.1344193113439,1.1080013828765138,-9.74740506154681,278.82979959249496,294.71352852685624,288.22929633074796,257.2502308722698,261.45761690621265,260.1344193113439
43,1,16384,16384,16,16,128,1011.7306016212286,936.1614402350004,1.0807223606296563,-7.469296793546998,1011.7306016212286,1007.8128666981407,1028.6315364399175,936.1614402350004,932.0279967326385,940.4301864584696
44,1,2049,8193,16,16,128,123.48365633490081,122.67496336113523,1.0065921598964325,-0.6548987920897975,122.0360404764763,125.09270200065073,123.48365633490081,126.21438912637942,122.67496336113523,121.03672463476188
45,1,128,8192,16,4,128,101.29315792745452,100.72479566539937,1.0056427243986992,-0.5611062718196669,101.21069756270192,101.29315792745452,101.31517452915219,100.73905486001897,100.72479566539937,100.72296267265783
46,1,2048,2048,16,4,128,39.21434200062167,40.01673881251078,0.9799484706725214,2.0461820113579554,39.99884089393255,39.21434200062167,34.69055056195449,40.01673881251078,40.08199901371984,35.314242401004094
47,1,8192,8192,16,4,128,269.66422668979686,234.41358178949818,1.1503779970051118,-13.072050873417707,269.66422668979686,264.56895692448785,303.412128960894,221.38635004744117,237.12727925583218,234.41358178949818
48,1,16384,16384,16,4,128,931.6596352692807,865.8519994754058,1.0760033306312693,-7.063484700059397,896.6205213380897,938.9574188058094,931.6596352692807,856.0135928930434,865.8519994754058,871.0734557021748
49,1,2049,8193,16,4,128,113.63188177347183,112.98417278698513,1.0057327408831667,-0.5700063893845697,112.20581396717391,113.63188177347183,115.49466086232893,131.665221148545,112.30019438444016,112.98417278698513
50,1,128,8192,16,1,128,99.80080710502052,99.44581701843576,1.00356968344399,-0.3556986129492956,99.75914892281754,99.80080710502052,99.85464695732348,99.3961324950434,99.44581701843576,99.49525900055907
51,1,2048,2048,16,1,128,36.97077246186765,37.549024420356446,0.9846000803638639,1.5640786491145642,42.10639362765187,35.576737002629365,36.97077246186765,41.763844831160704,34.776115457257696,37.549024420356446
52,1,8192,8192,16,1,128,231.46106364040438,234.37717178357153,0.9875580538796673,1.2598698447604084,220.7839197665453,233.05514054511912,231.46106364040438,225.14397326307983,234.86759822220492,234.37717178357153
53,1,16384,16384,16,1,128,863.0778474303393,870.8344623446465,0.9910928939428704,0.8987155605257646,862.6424181011488,863.0778474303393,863.243279570625,862.9399663260003,870.8344623446465,875.6375381579767
54,1,2049,8193,16,1,128,110.20345358754234,107.49885572209875,1.0251593177180918,-2.454186123391433,133.61249726601423,108.43585223378533,110.20345358754234,107.34118944481283,107.49885572209875,112.02739618665022
55,1,128,8192,5,5,128,65.63584531976738,65.76402331848777,0.9980509404344129,0.1952865817388849,65.66091898331496,65.63584531976738,65.62996913977712,66.33406838482767,65.65938339392257,65.76402331848777
56,1,2048,2048,5,5,128,39.68325994248338,40.21499646197254,0.9867776559425544,1.33995170825143,47.329553409974444,39.68325994248338,39.192888938166476,39.89128855577002,40.21499646197254,41.149953465720955
57,1,8192,8192,5,5,128,125.2076023132069,107.33264219742297,1.166537967852366,-14.2762578194491,125.2076023132069,125.1573243422153,125.386797308505,107.42591019109416,107.33264219742297,107.02449363179323
58,1,16384,16384,5,5,128,376.098734828142,385.66798256145967,0.9751878606314106,2.544344568904311,392.22335015855185,376.098734828142,371.14546696345013,393.59642959330694,375.27773546301614,385.66798256145967
59,1,2049,8193,5,5,128,96.50854688053104,96.37526603293244,1.0013829362354554,-0.13810263640544607,96.51458679085098,96.48344998686821,96.50854688053104,97.4012450921157,96.37526603293244,96.35300582511279
60,4,128,8192,16,16,64,67.40843312930838,67.6553937638628,0.996349727334137,0.366364597261426,67.46770130801146,67.40843312930838,67.33109584943516,67.74092303030882,67.63681631294352,67.6553937638628
61,4,2048,2048,16,16,64,77.43502994131597,62.195749885292464,1.2450212447655875,-19.680085443981334,77.50333221009998,77.43502994131597,77.3802587309891,63.92619004335262,62.195749885292464,62.16196916579042
62,4,8192,8192,16,16,64,775.5607982476553,700.6835890567208,1.1068630839374105,-9.654589215973285,732.4876429429695,780.4944948253468,775.5607982476553,687.8480589647087,706.5241183295394,700.6835890567208
63,4,16384,16384,16,16,64,2786.425597327096,2692.382251894152,1.0349294181265616,-3.375053169306086,2780.240949462442,2786.425597327096,2788.325639332042,2679.155891006057,2692.382251894152,2698.175979985131
64,4,2049,8193,16,16,64,367.0884951095749,345.96200101077557,1.0610659379847365,-5.755150155957123,351.09697573068667,367.0884951095749,370.5268201465431,345.3142686387685,348.0525990488075,345.96200101077557
65,4,128,8192,16,4,64,92.20633732255719,92.12294900273191,1.0009051850893613,-0.09043664703172194,92.18625128473602,92.20752511041384,92.20633732255719,93.07276100563489,92.12294900273191,92.120493728886
66,4,2048,2048,16,4,64,71.96084909579332,56.938813865121645,1.263827681171166,-20.875289020943242,71.9685938058561,71.93689495867606,71.96084909579332,56.938813865121645,58.00512620651124,56.0567570606783
67,4,8192,8192,16,4,64,706.208738913903,671.1108228739571,1.0522982417265199,-4.96990678618957,703.2820009626448,706.208738913903,722.1253118515015,643.1198957698797,678.0150722766268,671.1108228739571
68,4,16384,16384,16,4,64,2659.93422932095,2615.901399303127,1.0168327560165507,-1.655410480922459,2656.69497465476,2681.723561551836,2659.93422932095,2615.8113918806375,2615.901399303127,2625.3301710695832
69,4,2049,8193,16,4,64,329.8878736882342,319.25950220311023,1.0332906974163052,-3.2218133289641626,329.8878736882342,327.4352515581995,331.1170270084864,319.25950220311023,319.1763897067152,320.09272774060565
70,4,128,8192,16,1,64,92.18305063831222,92.02384569975328,1.0017300400493845,-0.17270521799457317,92.38027176625437,92.18305063831222,92.17416931089409,91.90994597355063,92.02384569975328,92.0514587488366
71,4,2048,2048,16,1,64,67.3682839470975,55.725747721349364,1.2089256170050044,-17.281924881581812,67.3538980310665,67.3682839470975,67.3938381343006,56.26402592550856,55.69398096216445,55.725747721349364
72,4,8192,8192,16,1,64,676.9602369906297,664.498820900917,1.0187531048931249,-1.8407899620676127,649.7087975343069,680.8500437808216,676.9602369906297,657.4793142931802,669.484286636546,664.498820900917
73,4,16384,16384,16,1,64,2620.464415163607,2603.1662837879076,1.0066450351187435,-0.660117011152761,2621.1442174138247,2620.464415163607,2620.456656894168,2588.4264051914215,2608.4696086677345,2603.1662837879076
74,4,2049,8193,16,1,64,315.2135785435399,310.91688589616257,1.0138194251978077,-1.3631051895766633,320.9113538745911,313.96882798936633,315.2135785435399,310.11780665980444,311.05474967052504,310.91688589616257
75,4,128,8192,5,5,64,65.52932334912789,65.74654109115016,0.9966961342997326,0.33148174118169393,65.52932334912789,65.4190939125622,65.55944202077943,65.63400189435468,65.74654109115016,66.01820705437113
76,4,2048,2048,5,5,64,50.79435026950913,41.96712227987219,1.210336747198665,-17.378365788322235,50.79435026950913,51.780590322836765,50.7095571045714,41.904624121807444,43.34471165128644,41.96712227987219
77,4,8192,8192,5,5,64,280.970446432579,258.27757061659537,1.0878623558437852,-8.07660595771199,281.1196694259381,280.970446432579,280.2605856458346,258.98978352008095,258.27757061659537,257.1203894799966
78,4,16384,16384,5,5,64,938.5438346371209,903.6036251850848,1.0386676286794216,-3.722810609644611,916.2022628874149,938.5438346371209,939.7893069994332,899.8019616558867,906.9266307921637,903.6036251850848
79,4,2049,8193,5,5,64,181.97186058280113,180.2046241538595,1.0098068317460753,-0.9711591799312802,181.9308922575439,181.97186058280113,182.16029352032095,180.9930498821075,179.90136204513314,180.2046241538595
80,4,128,8192,16,16,96,77.84792852142583,77.87279305374547,0.9996807032168157,0.03193987661829212,77.82912148302363,77.86118066384016,77.84792852142583,77.87293421619749,77.87279305374547,77.84392940068128
81,4,2048,2048,16,16,96,80.99105940262477,69.08359909160978,1.17236305675425,-14.702191079907134,80.96326534356271,80.99105940262477,81.74637029313978,67.50616845544253,69.25546198231832,69.08359909160978
82,4,8192,8192,16,16,96,895.6098556518555,841.4477939191072,1.0643677030520031,-6.04750622058835,917.3693339029948,895.6098556518555,880.7824615102547,841.4477939191072,832.1384720713179,842.4078592082911
83,4,16384,16384,16,16,96,3309.7097277641296,3214.43510055542,1.029639617608782,-2.878639972849595,3320.3622698783875,3300.9776658025285,3309.7097277641296,3146.9873459108417,3214.43510055542,3229.6617853230446
84,4,2049,8193,16,16,96,428.821220209724,417.3033411664087,1.0276007352616003,-2.6859396178393946,428.821220209724,430.73844940078504,427.93876265511295,428.24981667569295,409.328076170712,417.3033411664087
85,4,128,8192,16,4,96,94.31364025799033,94.32589460069329,0.9998700850624864,0.012993181759757277,94.32551637291908,94.29872113091129,94.31364025799033,100.67575592167523,94.31480624858231,94.32589460069329
86,4,2048,2048,16,4,96,74.89166874998887,60.39593963613434,1.2400116498093503,-19.35559636445767,74.94722745985607,74.80627727710593,74.89166874998887,60.39593963613434,61.927041156554274,60.03224339903049
87,4,8192,8192,16,4,96,856.2520373435248,801.9186082093612,1.067754293986876,-6.3454948735339745,841.207466239021,859.0228362516923,856.2520373435248,800.2475298502866,806.6508935279205,801.9186082093612
88,4,16384,16384,16,4,96,3200.383996963501,3123.235087240896,1.0247016018863822,-2.4106141574199547,3189.1060024499893,3207.2234630584717,3200.383996963501,3123.235087240896,3125.817791108162,3118.8005170514507
89,4,2049,8193,16,4,96,389.2436848130337,383.9022547006607,1.0139135158675687,-1.372258644334512,391.9916647811269,387.6443806007437,389.2436848130337,385.74368904516535,382.9679633384426,383.9022547006607
90,4,128,8192,16,1,96,94.29412694421295,94.32367037837678,0.9996867866353661,0.031331149798230484,97.27927126375376,94.29412694421295,94.28698681977976,94.30481696862311,94.32367037837678,94.36047766589526
91,4,2048,2048,16,1,96,70.4835967793141,59.87412259368699,1.1771963199799065,-15.052401793350068,70.41477936285513,70.4835967793141,70.63859453968539,59.87412259368699,59.655517484221996,60.43792798959419
92,4,8192,8192,16,1,96,798.9193607220607,795.5299510675318,1.0042605682538799,-0.4242492823638089,821.0794660780165,798.9193607220607,797.914666564841,782.6048006182132,795.5299510675318,797.2550787756928
93,4,16384,16384,16,1,96,3106.486705041701,3096.590547850638,1.0031958236124994,-0.31856428598268094,3068.216010928154,3121.1685211427753,3106.486705041701,3096.590547850638,3093.2665794126447,3116.7318744044146
94,4,2049,8193,16,1,96,373.3016045033177,365.60514945050943,1.0210512763957942,-2.061725682387172,382.6972515944621,367.03314539045095,373.3016045033177,361.0967660727708,365.60514945050943,365.746227497793
95,4,128,8192,5,5,96,75.86214299450555,75.84945867099216,1.0001672302444293,-0.01672022831507025,75.89321885145071,75.8574735302793,75.86214299450555,79.39163927509014,75.84945867099216,75.82984140029845
96,4,2048,2048,5,5,96,52.949593036989626,41.475564532495994,1.2766455052228105,-21.669719909798147,52.39979227954572,52.949593036989626,54.33309938949007,41.475564532495994,41.913941212487025,38.594835609226635
97,4,8192,8192,5,5,96,312.46215801873655,301.62678570659074,1.0359231103655562,-3.4677390634599847,310.41391875220944,312.46215801873655,316.2070667001524,286.83640115855195,302.76486642294,301.62678570659074
98,4,16384,16384,5,5,96,1102.2376227886118,1074.6951036983066,1.0256282167802981,-2.498782342470207,1102.2376227886118,1096.009482572108,1106.6552674633333,1074.6951036983066,1080.2824192268902,1066.953248447842
99,4,2049,8193,5,5,96,189.34329518792674,189.13866076842848,1.0010819280345271,-0.10807587313570455,189.36034668978454,189.2063319683075,189.34329518792674,199.39540322313363,189.13866076842848,189.04975714480005
100,4,128,8192,16,16,128,69.79751202013219,69.76152347992854,1.0005158795050397,-0.0515613510597146,69.78634552034032,69.81386749177462,69.79751202013219,69.75479052325181,70.02924139933764,69.76152347992854
101,4,2048,2048,16,16,128,89.0227570706597,83.7040669324561,1.063541597596392,-5.974528663476475,88.19318723236442,89.12344680174247,89.0227570706597,81.88047630306284,84.27181621253717,83.7040669324561
102,4,8192,8192,16,16,128,1001.1759227681383,974.2409592866898,1.027647126950164,-2.6903327246400877,1001.1759227681383,1021.4802709858069,998.0330383000166,974.2409592866898,984.6022756476151,961.6487952742247
103,4,16384,16384,16,16,128,3731.9274040368887,3684.0047394787825,1.013008306977609,-1.2841263875140618,3731.9274040368887,3726.784009199876,3776.7458328833945,3747.2285628318787,3684.0047394787825,3671.2344609774073
104,4,2049,8193,16,16,128,484.7468439075682,483.1894504057395,1.0032231529486435,-0.321279761055171,500.1145062676395,484.7468439075682,483.68979151783094,483.1894504057395,482.9673844051885,492.1361787451638
105,4,128,8192,16,4,128,107.70388884890464,106.706619132399,1.009345903043449,-0.9259365907434258,107.80411025652518,107.6739662822735,107.70388884890464,117.34350019833073,106.706619132399,106.70214109122753
106,4,2048,2048,16,4,128,79.94837219966708,68.42946019901827,1.1683326445532018,-14.407938127721852,77.75788878855978,81.63656953049477,79.94837219966708,68.17527297268168,68.63597721250314,68.42946019901827
107,4,8192,8192,16,4,128,963.2435484030813,894.5791364884844,1.0767561069936495,-7.128458013389505,953.3014533283947,963.2435484030813,963.7516529663749,853.559018227092,894.5791364884844,909.1839995047059
108,4,16384,16384,16,4,128,3585.221935201574,3552.5700781080454,1.0091910522173055,-0.9107346123523263,3586.451204617818,3585.221935201574,3562.285034744828,3559.1371485165187,3529.1567378573945,3552.5700781080454
109,4,2049,8193,16,4,128,437.9851851198409,433.3376711034506,1.0107249249864565,-1.061112150430077,437.57308018270624,437.9851851198409,456.0033668028681,433.3376711034506,438.9136591105881,429.35633442054194
110,4,128,8192,16,1,128,100.8298821747303,98.67881567096421,1.0217986655913933,-2.1333621118771684,107.45676204972311,100.8298821747303,100.80537506904278,98.67881567096421,98.82407392349849,98.65633932252724
111,4,2048,2048,16,1,128,76.90872724887004,67.57272621440048,1.1381622669011089,-12.139065836129447,78.5913069376848,76.90872724887004,74.50472444295883,74.69230319483805,66.39178138979472,67.57272621440048
112,4,8192,8192,16,1,128,908.9628230122959,894.5053242942662,1.0161625630673983,-1.5905489588801447,918.21095723064,905.6598347425461,908.9628230122959,882.7602457754391,898.7957203742301,894.5053242942662
113,4,16384,16384,16,1,128,3525.995854978208,3517.007989542825,1.002555543081536,-0.2549028928293784,3508.752022470747,3525.995854978208,3537.276435781408,3636.0058278748484,3517.007989542825,3509.6841564884894
114,4,2049,8193,16,1,128,421.99424657915614,409.39634908171536,1.0307718853030765,-2.985324468180328,436.8918249788492,408.3937741265508,421.99424657915614,406.47556776172115,409.39634908171536,416.6576599456229
115,4,128,8192,5,5,128,67.55210727155539,67.55920255891236,0.9998949767450143,0.010503428602826048,67.53713977707308,67.55254131548845,67.55210727155539,71.70825954808494,67.55920255891236,67.53726163000431
116,4,2048,2048,5,5,128,54.88631594517644,39.16819984248529,1.4012978938501506,-28.637586312754703,54.88631594517644,55.38262950566531,54.86192375080276,39.148910478423765,39.16819984248529,40.27868041134987
117,4,8192,8192,5,5,128,344.01142797550233,334.7795554806316,1.0275759745293194,-2.683594713466364,344.01142797550233,339.718183799952,350.32468982811633,318.60843851958236,334.7795554806316,334.78868705957007
118,4,16384,16384,5,5,128,1245.6826096357302,1171.7028561092557,1.0631386645007685,-5.938892696600151,1245.6826096357302,1260.2942155467138,1238.1852629937623,1144.3778986022585,1201.9956344133848,1171.7028561092557
119,4,2049,8193,5,5,128,195.05835456006668,201.32747547752612,0.9688610762013987,3.213972009350119,195.05835456006668,194.35278239046656,196.82606524393373,226.34656147004748,200.24644895171633,201.32747547752612
120,16,128,8192,16,16,64,141.83930448981613,142.6345613810856,0.9944245147629771,0.5606745564143534,140.4401698803648,141.83930448981613,142.36951473901962,142.14826677784777,142.6345613810856,145.48462588572875
121,16,2048,2048,16,16,64,232.39542099145743,221.32222875545585,1.0500319931634008,-4.764806547719635,232.39542099145743,233.40690783832386,228.65034432749735,216.930076600732,221.32222875545585,223.74647460589753
122,16,8192,8192,16,16,64,2890.911992858438,2819.200904028756,1.0254366720467505,-2.4805697650718384,2891.9835735011743,2890.911992858438,2874.963399135705,2818.389661171857,2819.200904028756,2819.5912974221364
123,16,16384,16384,16,16,64,10938.35735321045,10794.947730170357,1.013284883505205,-1.311070926001523,10909.61774190267,10956.088913811576,10938.35735321045,10715.982225206164,10796.536763509115,10794.947730170357
124,16,2049,8193,16,16,64,1407.6042315539191,1378.8141902063933,1.0208802908702415,-2.0453221652895426,1391.48980127254,1412.1934371208079,1407.6042315539191,1380.400914805276,1374.2217149053301,1378.8141902063933
125,16,128,8192,16,4,64,98.13741675356738,99.61325190512531,0.9851843492373529,1.5038455263846062,98.13741675356738,97.61123472434046,98.74440840369947,101.6528732729274,98.82064161385283,99.61325190512531
126,16,2048,2048,16,4,64,208.13916521249237,193.9220979303411,1.0733132914396286,-6.830558423560918,206.18472656541726,208.13916521249237,209.2063831601371,193.9220979303411,193.06748214417135,195.9185107227634
127,16,8192,8192,16,4,64,2762.479543685913,2700.6328768200347,1.02290080499157,-2.238809949099496,2763.6900424957275,2751.8207958766393,2762.479543685913,2711.417267197057,2700.6328768200347,2697.1137722333274
128,16,16384,16384,16,4,64,10638.531684875488,10537.151972452799,1.0096211682898497,-0.9529483525138938,10610.730701022678,10639.541414048937,10638.531684875488,10487.601704067654,10543.793784247506,10537.151972452799
129,16,2049,8193,16,4,64,1237.5792187529723,1228.556717053438,1.0073439846726604,-0.7290443765390453,1237.5792187529723,1231.3515779219176,1243.335064355429,1222.5347168651629,1236.1718981693953,1228.556717053438
130,16,128,8192,16,1,64,96.10249394778725,95.9023125076366,1.0020873473737635,-0.20829994303729338,98.47530384593333,96.10249394778725,96.08226797099789,95.9023125076366,95.91236542275344,95.82262217953418
131,16,2048,2048,16,1,64,201.12478187710968,194.16332722147402,1.0358536019919715,-3.4612615067442176,201.12478187710968,199.96668912870499,202.7745708823204,187.97693044640297,194.16332722147402,194.20307283901207
132,16,8192,8192,16,1,64,2698.9964644114175,2691.2728746732078,1.0028698649664605,-0.2861652410461435,2690.9887969493866,2701.9048862987092,2698.9964644114175,2685.8222352133857,2696.4453392558626,2691.2728746732078
133,16,16384,16384,16,1,64,10525.855912102592,10485.013326009115,1.003895329917432,-0.3880215199080994,10512.348492940268,10557.215902540418,10525.855912102592,10447.313838534885,10485.013326009115,10492.366154988607
134,16,2049,8193,16,1,64,1178.160399198532,1168.2607303431005,1.0084738522816943,-0.8402649471299539,1170.0057217053004,1183.7124070034752,1178.160399198532,1166.6786365392732,1169.8966879903535,1168.2607303431005
135,16,128,8192,5,5,64,67.60162293454106,67.98023818970815,0.9944305100239497,0.5600682923451394,67.60162293454106,67.60758543510633,67.5987338059589,70.67910971444681,67.94357948611228,67.98023818970815
136,16,2048,2048,5,5,64,89.41246482713447,83.52774237599924,1.0704523106184916,-6.581545942741274,89.4731095333894,89.4046207309914,89.41246482713447,83.68943208471187,83.52774237599924,83.49440711018927
137,16,8192,8192,5,5,64,934.0450617731833,888.2033807727007,1.0516116938899762,-4.9078661058875594,929.5489980528752,940.4533306757609,934.0450617731833,855.8526915952194,889.4143998622894,888.2033807727007
138,16,16384,16384,5,5,64,3474.9725801604136,3381.321939928778,1.0276964577450463,-2.695003717908828,3465.310846056257,3492.228737583867,3474.9725801604136,3381.321939928778,3380.695170369642,3381.652963572535
139,16,2049,8193,5,5,64,453.3646192747293,439.2815428941988,1.0320593400937002,-3.106346587667097,453.3646192747293,449.6955150606656,454.5533341976504,434.12418247479474,442.4026924194676,439.2815428941988
140,16,128,8192,16,16,96,190.91799568526352,189.95658413099883,1.0050612173232263,-0.5035730397304317,190.06828687685942,195.51148865838795,190.91799568526352,188.1490408629179,191.80800156502784,189.95658413099883
141,16,2048,2048,16,16,96,274.20576208538114,266.82214982540677,1.0276724112477387,-2.69272687919494,273.2377865001665,274.20576208538114,277.6585552427504,266.20721776129267,266.82214982540677,268.26063014174764
142,16,8192,8192,16,16,96,3443.9382893698557,3365.111470222473,1.02342472748523,-2.2888568994018144,3566.7450055480003,3443.9382893698557,3436.63318668093,3365.111470222473,3395.7199965204513,3364.14674232746
143,16,16384,16384,16,16,96,13094.468525477818,12914.546285356793,1.0139317507673522,-1.374032399795,13045.892579214913,13100.631032671246,13094.468525477818,12897.718838282994,12914.546285356793,12928.164618355888
144,16,2049,8193,16,16,96,1688.1684211262486,1658.9230257889321,1.0176291454652686,-1.7323742685463661,1625.7948619978768,1692.1169476075606,1688.1684211262486,1656.7641455551675,1658.9230257889321,1670.598065030986
145,16,128,8192,16,4,96,120.51206028585398,118.94039064645767,1.0132139270003575,-1.3041596298895786,115.2147607894631,121.38851653660795,120.51206028585398,128.26614731248713,117.24626601577918,118.94039064645767
146,16,2048,2048,16,4,96,249.51964489051272,235.97987394475336,1.0573768038749323,-5.426334648600717,257.50362651514934,247.55986748171634,249.51964489051272,232.1624230793222,235.97987394475336,236.47218732272876
147,16,8192,8192,16,4,96,3277.1376576916923,3243.042197720758,1.010513418541053,-1.0404036550283324,3275.5939549413224,3279.6281288410055,3277.1376576916923,3321.4281150272914,3243.042197720758,3241.585063934326
148,16,16384,16384,16,4,96,12648.726735796246,12601.206643240792,1.0037710747788542,-0.3756907200862414,12669.124007225037,12648.726735796246,12642.637661525181,12613.839983940125,12576.059341430664,12601.206643240792
149,16,2049,8193,16,4,96,1477.940009906888,1462.0894975960255,1.0108410000461148,-1.0724733212859716,1484.540993347764,1470.5545847232527,1477.940009906888,1443.04711288876,1464.2409772583933,1462.0894975960255
150,16,128,8192,16,1,96,107.41561209667903,108.92799995450105,0.9861157107589074,1.407977693652951,110.87980975825636,107.3062501974025,107.41561209667903,108.92799995450105,108.67144608270752,111.05050147866544
151,16,2048,2048,16,1,96,241.01967341120138,229.87023271731476,1.0485031948769015,-4.625946312218532,241.404693822066,241.01967341120138,240.61953689797917,227.23215955555142,231.68056342433974,229.87023271731476
152,16,8192,8192,16,1,96,3223.33865960439,3217.5605138142905,1.0017958157322269,-0.17925965591244486,3227.328012971317,3215.6842788060508,3223.33865960439,3217.5605138142905,3221.820823351542,3210.074702898661
153,16,16384,16384,16,1,96,12489.26830291748,12490.175928388324,0.9999273328513507,0.007267242954744901,12490.776062011719,12485.375949314663,12489.26830291748,12490.175928388324,12515.268087387085,12449.180006980896
154,16,2049,8193,16,1,96,1389.9778899024516,1400.3614134648267,0.9925851116272307,0.7470279662580737,1375.051598617996,1410.593908224533,1389.9778899024516,1399.286119376912,1400.3614134648267,1403.8141194511861
155,16,128,8192,5,5,96,79.10420461642035,79.26267119658054,0.998000741360745,0.20032636814768523,79.22206411455727,79.03935312661777,79.10420461642035,87.02332149414498,79.24233070191215,79.26267119658054
156,16,2048,2048,5,5,96,96.79089862991262,90.76419370328064,1.0663995864529356,-6.226520274055458,94.18643079179242,97.56904311754086,96.79089862991262,90.54064313243609,90.76419370328064,90.95081766328867
157,16,8192,8192,5,5,96,1120.628147949407,1068.489952882131,1.0487961491136526,-4.652586601780584,1120.628147949407,1129.7146706354051,1109.2092799551694,1076.0086178779602,1061.6540392239888,1068.489952882131
158,16,16384,16384,5,5,96,4137.794653574626,4026.302728652954,1.0276908947080023,-2.6944769921183553,4231.488015916612,4131.83856010437,4137.794653574626,3969.948205947876,4086.699562072754,4026.302728652954
159,16,2049,8193,5,5,96,538.5055981576443,533.6757564401053,1.0090501426367136,-0.896897215936665,538.5055981576443,537.1512303869408,539.1469992697239,534.5355058893745,531.1481145006665,533.6757564401053
160,16,128,8192,16,16,128,211.7392825057615,213.2570217660767,0.9928830514102368,0.7167962611160261,210.00379517055083,218.53872613367423,211.7392825057615,219.6108677289771,208.9385310604517,213.2570217660767
161,16,2048,2048,16,16,128,313.6803052206149,299.7687342184367,1.046407678367288,-4.434952010262183,313.15435596214706,313.6803052206149,314.99340760707855,295.5687519445316,299.7687342184367,303.52327767319565
162,16,8192,8192,16,16,128,3887.674629688263,3883.388156890869,1.0011037971544996,-0.11025801296898896,3950.080000121018,3887.674629688263,3796.5853412946067,3840.5798530578613,3883.388156890869,3888.418550491333
163,16,16384,16384,16,16,128,14876.629193623861,14754.98135884603,1.0082445264971414,-0.8177110096282414,14929.242451985678,14876.629193623861,14794.23459370931,14881.962617238363,14686.741352081299,14754.98135884603
164,16,2049,8193,16,16,128,1891.8457674980164,1896.81722338383,0.9973790538041695,0.2627833606324348,1873.865602016449,1960.5593585968018,1891.8457674980164,1904.4332206249237,1891.3747215270996,1896.81722338383
165,16,128,8192,16,4,128,136.88045930224683,138.8152154428618,0.9860623625843714,1.4134640915711927,136.88045930224683,136.3803292933844,138.4519385832025,152.72918967067773,138.8152154428618,135.06347045511424
166,16,2048,2048,16,4,128,279.91779907485363,266.7091895505337,1.049524388516869,-4.718745848951089,271.17224701386283,284.0236721207218,279.91779907485363,265.683644872294,266.7091895505337,271.7123304123748
167,16,8192,8192,16,4,128,3705.435092632587,3669.620926563556,1.0097596364272343,-0.9665306549354824,3676.0693391164145,3740.81106369312,3705.435092632587,3722.6030251075485,3655.708303818336,3669.620926563556
168,16,16384,16384,16,4,128,14265.769141060966,14256.138642628988,1.0006755334437603,-0.06750774063950526,14485.700471060616,14244.885285695394,14265.769141060966,14255.849157060895,14281.760056813559,14256.138642628988
169,16,2049,8193,16,4,128,1653.1469508221276,1654.7705290610331,0.9990188499188303,0.098211368208867,1653.0745175846837,1653.1469508221276,1656.2453341065793,1565.90595789123,1660.1235845993306,1654.7705290610331
170,16,128,8192,16,1,128,126.55113199942333,123.86965870799817,1.0216475391907416,-2.118885267211501,139.41551953183938,126.55113199942333,124.14298780019362,123.6129468520179,124.18301678620853,123.86965870799817
171,16,2048,2048,16,1,128,270.01040475768644,261.69876209723196,1.0317603438160947,-3.078267545990887,266.82560023452555,270.01040475768644,279.4121132365295,253.04459510165432,265.7221014589173,261.69876209723196
172,16,8192,8192,16,1,128,3640.2109640615954,3653.2954021736427,0.9964184560317071,0.35944175327267125,3641.816785258631,3631.581615518641,3640.2109640615954,3657.9938393372754,3653.2954021736427,3630.9772363075845
173,16,16384,16384,16,1,128,14040.105138506207,14122.135026114327,0.994191396169458,0.5842540835619969,14040.105138506207,14187.567869822184,14024.27441733224,14229.41711970738,14122.135026114327,14092.74959564209
174,16,2049,8193,16,1,128,1534.0380316875019,1583.1711526776924,0.9689653762910666,3.202861987465999,1441.6065034219773,1534.0380316875019,1584.724998101592,1609.0018451213837,1583.1711526776924,1572.621872027715
175,16,128,8192,5,5,128,76.91614126866581,77.18739043596082,0.9964858357594035,0.35265571415958874,76.91614126866581,75.72121449126935,77.98563131150237,91.66730461854064,76.16399409803185,77.18739043596082
176,16,2048,2048,5,5,128,108.00868630304853,104.13777678170139,1.0371710405289478,-3.5838872352231266,107.09710093493948,108.00868630304853,108.63077222145026,104.00004918554829,104.13777678170139,104.64350807247303
177,16,8192,8192,5,5,128,1266.1628461863897,1208.9275901134197,1.0473438248419829,-4.520370838976939,1255.0909334505106,1266.3082679112752,1266.1628461863897,1222.2901397281223,1208.9275901134197,1208.7483771642048
178,16,16384,16384,5,5,128,4656.2400579452515,4631.038579073819,1.0054418632972115,-0.5412409703496546,4630.081335703532,4656.2400579452515,4706.761574745178,4565.819631923329,4747.91009085519,4631.038579073819
179,16,2049,8193,5,5,128,604.854730902047,606.6703662580373,0.9970072127188455,0.3001770943053872,603.4580297033551,607.2602733357312,604.854730902047,626.4365408437473,596.4932991312696,606.6703662580373
