shape_index,batch,sq,sk,hq,hkv,d,revision,round,latency_us
0,1,128,8192,16,16,64,main,0,65.4051106216179
0,1,128,8192,16,16,64,patch,0,67.56044460189902
0,1,128,8192,16,16,64,patch,1,65.6848964837631
0,1,128,8192,16,16,64,main,1,65.42054942533291
0,1,128,8192,16,16,64,main,2,65.53379923723409
0,1,128,8192,16,16,64,patch,2,65.59467259733668
1,1,2048,2048,16,16,64,patch,0,35.907945879327386
1,1,2048,2048,16,16,64,main,0,41.62513243894164
1,1,2048,2048,16,16,64,main,1,38.157969497193136
1,1,2048,2048,16,16,64,patch,1,43.26175545223561
1,1,2048,2048,16,16,64,patch,2,41.86517239106092
1,1,2048,2048,16,16,64,main,2,41.36160268621929
2,1,8192,8192,16,16,64,main,0,244.9606930139264
2,1,8192,8192,16,16,64,patch,0,175.4989731226036
2,1,8192,8192,16,16,64,patch,1,175.60953846878223
2,1,8192,8192,16,16,64,main,1,244.22446681916367
2,1,8192,8192,16,16,64,main,2,244.61274355823218
2,1,8192,8192,16,16,64,patch,2,175.78463415169662
3,1,16384,16384,16,16,64,patch,0,661.4622897115247
3,1,16384,16384,16,16,64,main,0,781.2810947752406
3,1,16384,16384,16,16,64,main,1,785.8798006349359
3,1,16384,16384,16,16,64,patch,1,687.5481685282479
3,1,16384,16384,16,16,64,patch,2,689.1582087794346
3,1,16384,16384,16,16,64,main,2,776.1670183717158
4,1,2049,8193,16,16,64,main,0,100.02427564519326
4,1,2049,8193,16,16,64,patch,0,96.46421424395224
4,1,2049,8193,16,16,64,patch,1,96.47936937837979
4,1,2049,8193,16,16,64,main,1,97.60984326853897
4,1,2049,8193,16,16,64,main,2,97.61673330908512
4,1,2049,8193,16,16,64,patch,2,96.50173383436615
5,1,128,8192,16,4,64,patch,0,90.24636339293508
5,1,128,8192,16,4,64,main,0,90.30248788450955
5,1,128,8192,16,4,64,main,1,90.32329514543002
5,1,128,8192,16,4,64,patch,1,90.21141724409283
5,1,128,8192,16,4,64,patch,2,90.24416718250167
5,1,128,8192,16,4,64,main,2,90.29933057639296
6,1,2048,2048,16,4,64,main,0,41.54610007232753
6,1,2048,2048,16,4,64,patch,0,41.83281861145475
6,1,2048,2048,16,4,64,patch,1,35.99807947479939
6,1,2048,2048,16,4,64,main,1,33.77530587301271
6,1,2048,2048,16,4,64,main,2,42.227649967908505
6,1,2048,2048,16,4,64,patch,2,41.14053947144163
7,1,8192,8192,16,4,64,patch,0,170.51000615960922
7,1,8192,8192,16,4,64,main,0,226.00947546236443
7,1,8192,8192,16,4,64,main,1,225.5314013487856
7,1,8192,8192,16,4,64,patch,1,170.47311372393085
7,1,8192,8192,16,4,64,patch,2,171.24892642100653
7,1,8192,8192,16,4,64,main,2,225.89792728093852
8,1,16384,16384,16,4,64,main,0,691.9990721820058
8,1,16384,16384,16,4,64,patch,0,654.1708553587639
8,1,16384,16384,16,4,64,patch,1,657.58780052336
8,1,16384,16384,16,4,64,main,1,702.7031044960022
8,1,16384,16384,16,4,64,main,2,699.0623756458884
8,1,16384,16384,16,4,64,patch,2,652.4184786937606
9,1,2049,8193,16,4,64,patch,0,96.78655114257708
9,1,2049,8193,16,4,64,main,0,96.33586110209512
9,1,2049,8193,16,4,64,main,1,96.32457295329507
9,1,2049,8193,16,4,64,patch,1,96.0500825174971
9,1,2049,8193,16,4,64,patch,2,95.9656192018087
9,1,2049,8193,16,4,64,main,2,96.34923798342545
10,1,128,8192,16,1,64,main,0,90.35796403842971
10,1,128,8192,16,1,64,patch,0,90.1987652791548
10,1,128,8192,16,1,64,patch,1,90.21468763839924
10,1,128,8192,16,1,64,main,1,90.33925755497881
10,1,128,8192,16,1,64,main,2,90.33168041253393
10,1,128,8192,16,1,64,patch,2,90.1943446255066
11,1,2048,2048,16,1,64,patch,0,44.64239798931539
11,1,2048,2048,16,1,64,main,0,40.27283095955804
11,1,2048,2048,16,1,64,main,1,45.01934578066522
11,1,2048,2048,16,1,64,patch,1,41.296471604403
11,1,2048,2048,16,1,64,patch,2,40.66998806146314
11,1,2048,2048,16,1,64,main,2,36.437963935081406
12,1,8192,8192,16,1,64,main,0,171.1081920977909
12,1,8192,8192,16,1,64,patch,0,169.8768909468695
12,1,8192,8192,16,1,64,patch,1,169.8647749557924
12,1,8192,8192,16,1,64,main,1,172.31262813611852
12,1,8192,8192,16,1,64,main,2,174.13106890709977
12,1,8192,8192,16,1,64,patch,2,173.45964881690307
13,1,16384,16384,16,1,64,patch,0,640.2688866493686
13,1,16384,16384,16,1,64,main,0,655.6350656435
13,1,16384,16384,16,1,64,main,1,653.2568538442571
13,1,16384,16384,16,1,64,patch,1,658.792560369196
13,1,16384,16384,16,1,64,patch,2,657.5267237165699
13,1,16384,16384,16,1,64,main,2,657.3700538703373
14,1,2049,8193,16,1,64,main,0,97.12481071338331
14,1,2049,8193,16,1,64,patch,0,95.8059025662286
14,1,2049,8193,16,1,64,patch,1,95.82939874102821
14,1,2049,8193,16,1,64,main,1,96.20566398824577
14,1,2049,8193,16,1,64,main,2,96.24164314173264
14,1,2049,8193,16,1,64,patch,2,95.81566992260161
15,1,128,8192,5,5,64,patch,0,65.42623153380059
15,1,128,8192,5,5,64,main,0,63.704426225335304
15,1,128,8192,5,5,64,main,1,63.73804678679794
15,1,128,8192,5,5,64,patch,1,66.1362852518623
15,1,128,8192,5,5,64,patch,2,65.53177092856134
15,1,128,8192,5,5,64,main,2,63.733819501790386
16,1,2048,2048,5,5,64,main,0,40.868324611997245
16,1,2048,2048,5,5,64,patch,0,45.64936021556259
16,1,2048,2048,5,5,64,patch,1,35.29016896632513
16,1,2048,2048,5,5,64,main,1,35.295085863647415
16,1,2048,2048,5,5,64,main,2,39.60300003227806
16,1,2048,2048,5,5,64,patch,2,39.23719863010421
17,1,8192,8192,5,5,64,patch,0,100.11831431121784
17,1,8192,8192,5,5,64,main,0,119.7526779714232
17,1,8192,8192,5,5,64,main,1,119.8446097851589
17,1,8192,8192,5,5,64,patch,1,100.21588329019421
17,1,8192,8192,5,5,64,patch,2,100.18878126022767
17,1,8192,8192,5,5,64,main,2,119.12956676078012
18,1,16384,16384,5,5,64,main,0,334.2356193428257
18,1,16384,16384,5,5,64,patch,0,263.2673632377272
18,1,16384,16384,5,5,64,patch,1,263.22477794366193
18,1,16384,16384,5,5,64,main,1,334.016122840918
18,1,16384,16384,5,5,64,main,2,334.33538388747434
18,1,16384,16384,5,5,64,patch,2,263.6157951007287
19,1,2049,8193,5,5,64,patch,0,92.54237469601428
19,1,2049,8193,5,5,64,main,0,93.76876526106443
19,1,2049,8193,5,5,64,main,1,93.78370956131597
19,1,2049,8193,5,5,64,patch,1,92.60390663430803
19,1,2049,8193,5,5,64,patch,2,92.70386133850232
19,1,2049,8193,5,5,64,main,2,93.97370018001295
20,1,128,8192,16,16,96,main,0,75.85348418634858
20,1,128,8192,16,16,96,patch,0,75.86022970084005
20,1,128,8192,16,16,96,patch,1,75.91703185834079
20,1,128,8192,16,16,96,main,1,75.8575873408692
20,1,128,8192,16,16,96,main,2,75.84845340289411
20,1,128,8192,16,16,96,patch,2,75.85710462841814
21,1,2048,2048,16,16,96,patch,0,42.47631048079298
21,1,2048,2048,16,16,96,main,0,42.59114167110229
21,1,2048,2048,16,16,96,main,1,42.15429893980344
21,1,2048,2048,16,16,96,patch,1,59.834993816518384
21,1,2048,2048,16,16,96,patch,2,42.236876647387234
21,1,2048,2048,16,16,96,main,2,42.729466072299196
22,1,8192,8192,16,16,96,main,0,256.27297512823486
22,1,8192,8192,16,16,96,patch,0,208.68570460836486
22,1,8192,8192,16,16,96,patch,1,215.81804021900774
22,1,8192,8192,16,16,96,main,1,268.76754456378046
22,1,8192,8192,16,16,96,main,2,262.9982774393468
22,1,8192,8192,16,16,96,patch,2,211.25677394364075
23,1,16384,16384,16,16,96,patch,0,807.7957722229686
23,1,16384,16384,16,16,96,main,0,908.5103323062261
23,1,16384,16384,16,16,96,main,1,899.1108328393362
23,1,16384,16384,16,16,96,patch,1,800.4818839185378
23,1,16384,16384,16,16,96,patch,2,824.6935205122011
23,1,16384,16384,16,16,96,main,2,915.2956546648688
24,1,2049,8193,16,16,96,main,0,110.3574708378052
24,1,2049,8193,16,16,96,patch,0,108.34940526462701
24,1,2049,8193,16,16,96,patch,1,109.25447561387067
24,1,2049,8193,16,16,96,main,1,109.85504425996636
24,1,2049,8193,16,16,96,main,2,109.50004383921623
24,1,2049,8193,16,16,96,patch,2,108.23029674229767
25,1,128,8192,16,4,96,patch,0,93.82852904762103
25,1,128,8192,16,4,96,main,0,93.09753191514606
25,1,128,8192,16,4,96,main,1,93.09962579465638
25,1,128,8192,16,4,96,patch,1,93.82615652586463
25,1,128,8192,16,4,96,patch,2,93.86382143586705
25,1,128,8192,16,4,96,main,2,93.15525103096172
26,1,2048,2048,16,4,96,main,0,41.606233706593954
26,1,2048,2048,16,4,96,patch,0,39.69332085797018
26,1,2048,2048,16,4,96,patch,1,39.96862714777517
26,1,2048,2048,16,4,96,main,1,40.2596467649037
26,1,2048,2048,16,4,96,main,2,40.31439026442879
26,1,2048,2048,16,4,96,patch,2,40.1634649594717
27,1,8192,8192,16,4,96,patch,0,201.23136759219204
27,1,8192,8192,16,4,96,main,0,241.3814421616444
27,1,8192,8192,16,4,96,main,1,239.30019095894835
27,1,8192,8192,16,4,96,patch,1,208.5876585801831
27,1,8192,8192,16,4,96,patch,2,211.0031334447189
27,1,8192,8192,16,4,96,main,2,249.77683670380534
28,1,16384,16384,16,4,96,main,0,809.9174594122265
28,1,16384,16384,16,4,96,patch,0,782.1455724903794
28,1,16384,16384,16,4,96,patch,1,774.5555478593577
28,1,16384,16384,16,4,96,main,1,838.7290094662638
28,1,16384,16384,16,4,96,main,2,832.9815184120583
28,1,16384,16384,16,4,96,patch,2,786.2541312972705
29,1,2049,8193,16,4,96,patch,0,111.69027293795149
29,1,2049,8193,16,4,96,main,0,101.85512659138523
29,1,2049,8193,16,4,96,main,1,101.45465593424535
29,1,2049,8193,16,4,96,patch,1,101.90702624595504
29,1,2049,8193,16,4,96,patch,2,103.74939160639745
29,1,2049,8193,16,4,96,main,2,104.10799209292479
30,1,128,8192,16,1,96,main,0,93.19590476577375
30,1,128,8192,16,1,96,patch,0,94.00308838498903
30,1,128,8192,16,1,96,patch,1,93.84997604619419
30,1,128,8192,16,1,96,main,1,93.20264925981162
30,1,128,8192,16,1,96,main,2,93.20852503449926
30,1,128,8192,16,1,96,patch,2,93.98662444824973
31,1,2048,2048,16,1,96,patch,0,42.92956504115017
31,1,2048,2048,16,1,96,main,0,40.50864180079875
31,1,2048,2048,16,1,96,main,1,41.33602513174992
31,1,2048,2048,16,1,96,patch,1,41.14312369133778
31,1,2048,2048,16,1,96,patch,2,41.93691782537819
31,1,2048,2048,16,1,96,main,2,40.29328199388421
32,1,8192,8192,16,1,96,main,0,194.0913537542941
32,1,8192,8192,16,1,96,patch,0,197.14609573391033
32,1,8192,8192,16,1,96,patch,1,204.01808562810007
32,1,8192,8192,16,1,96,main,1,208.53846732752467
32,1,8192,8192,16,1,96,main,2,206.92205676010678
32,1,8192,8192,16,1,96,patch,2,203.96032022578376
33,1,16384,16384,16,1,96,patch,0,764.5544251709273
33,1,16384,16384,16,1,96,main,0,778.9370443509973
33,1,16384,16384,16,1,96,main,1,765.5407325081204
33,1,16384,16384,16,1,96,patch,1,780.2659663997713
33,1,16384,16384,16,1,96,patch,2,784.9296260688265
33,1,16384,16384,16,1,96,main,2,779.9842636116215
34,1,2049,8193,16,1,96,main,0,106.31686286628246
34,1,2049,8193,16,1,96,patch,0,100.37283393347762
34,1,2049,8193,16,1,96,patch,1,100.37667652368546
34,1,2049,8193,16,1,96,main,1,100.73560955672778
34,1,2049,8193,16,1,96,main,2,101.40833892551913
34,1,2049,8193,16,1,96,patch,2,100.8273841452229
35,1,128,8192,5,5,96,patch,0,75.65994055803158
35,1,128,8192,5,5,96,main,0,75.60083756970752
35,1,128,8192,5,5,96,main,1,75.61028044608969
35,1,128,8192,5,5,96,patch,1,75.73871920337376
35,1,128,8192,5,5,96,patch,2,75.72786476575968
35,1,128,8192,5,5,96,main,2,75.75977373130198
36,1,2048,2048,5,5,96,main,0,43.60784056506285
36,1,2048,2048,5,5,96,patch,0,41.227006148829155
36,1,2048,2048,5,5,96,patch,1,41.88043575131075
36,1,2048,2048,5,5,96,main,1,37.421984419459214
36,1,2048,2048,5,5,96,main,2,42.86214772023653
36,1,2048,2048,5,5,96,patch,2,40.49136830492314
37,1,8192,8192,5,5,96,patch,0,104.77269228961732
37,1,8192,8192,5,5,96,main,0,120.59975611203808
37,1,8192,8192,5,5,96,main,1,121.08317762613297
37,1,8192,8192,5,5,96,patch,1,104.74435144011387
37,1,8192,8192,5,5,96,patch,2,104.63833923616131
37,1,8192,8192,5,5,96,main,2,120.64204174896766
38,1,16384,16384,5,5,96,main,0,348.6966351194987
38,1,16384,16384,5,5,96,patch,0,285.7275802249971
38,1,16384,16384,5,5,96,patch,1,292.8850738013663
38,1,16384,16384,5,5,96,main,1,380.0152980706148
38,1,16384,16384,5,5,96,main,2,351.34632372262564
38,1,16384,16384,5,5,96,patch,2,289.99937007931396
39,1,2049,8193,5,5,96,patch,0,97.08443061182541
39,1,2049,8193,5,5,96,main,0,96.43592794020117
39,1,2049,8193,5,5,96,main,1,96.4071872883928
39,1,2049,8193,5,5,96,patch,1,96.32057906093453
39,1,2049,8193,5,5,96,patch,2,96.30120644368321
39,1,2049,8193,5,5,96,main,2,96.41685369892939
40,1,128,8192,16,16,128,main,0,67.44281322249711
40,1,128,8192,16,16,128,patch,0,67.6491367697848
40,1,128,8192,16,16,128,patch,1,67.3041400022623
40,1,128,8192,16,16,128,main,1,67.37423867460818
40,1,128,8192,16,16,128,main,2,67.48217275172337
40,1,128,8192,16,16,128,patch,2,67.26585553674528
41,1,2048,2048,16,16,128,patch,0,39.858734814693385
41,1,2048,2048,16,16,128,main,0,41.73803987456303
41,1,2048,2048,16,16,128,main,1,41.14552387203353
41,1,2048,2048,16,16,128,patch,1,36.5491400072107
41,1,2048,2048,16,16,128,patch,2,40.156755561420056
41,1,2048,2048,16,16,128,main,2,40.12320452117901
42,1,8192,8192,16,16,128,main,0,278.82979959249496
42,1,8192,8192,16,16,128,patch,0,257.2502308722698
42,1,8192,8192,16,16,128,patch,1,261.45761690621265
42,1,8192,8192,16,16,128,main,1,294.71352852685624
42,1,8192,8192,16,16,128,main,2,288.22929633074796
42,1,8192,8192,16,16,128,patch,2,260.1344193113439
43,1,16384,16384,16,16,128,patch,0,936.1614402350004
43,1,16384,16384,16,16,128,main,0,1011.7306016212286
43,1,16384,16384,16,16,128,main,1,1007.8128666981407
43,1,16384,16384,16,16,128,patch,1,932.0279967326385
43,1,16384,16384,16,16,128,patch,2,940.4301864584696
43,1,16384,16384,16,16,128,main,2,1028.6315364399175
44,1,2049,8193,16,16,128,main,0,122.0360404764763
44,1,2049,8193,16,16,128,patch,0,126.21438912637942
44,1,2049,8193,16,16,128,patch,1,122.67496336113523
44,1,2049,8193,16,16,128,main,1,125.09270200065073
44,1,2049,8193,16,16,128,main,2,123.48365633490081
44,1,2049,8193,16,16,128,patch,2,121.03672463476188
45,1,128,8192,16,4,128,patch,0,100.73905486001897
45,1,128,8192,16,4,128,main,0,101.21069756270192
45,1,128,8192,16,4,128,main,1,101.29315792745452
45,1,128,8192,16,4,128,patch,1,100.72479566539937
45,1,128,8192,16,4,128,patch,2,100.72296267265783
45,1,128,8192,16,4,128,main,2,101.31517452915219
46,1,2048,2048,16,4,128,main,0,39.99884089393255
46,1,2048,2048,16,4,128,patch,0,40.01673881251078
46,1,2048,2048,16,4,128,patch,1,40.08199901371984
46,1,2048,2048,16,4,128,main,1,39.21434200062167
46,1,2048,2048,16,4,128,main,2,34.69055056195449
46,1,2048,2048,16,4,128,patch,2,35.314242401004094
47,1,8192,8192,16,4,128,patch,0,221.38635004744117
47,1,8192,8192,16,4,128,main,0,269.66422668979686
47,1,8192,8192,16,4,128,main,1,264.56895692448785
47,1,8192,8192,16,4,128,patch,1,237.12727925583218
47,1,8192,8192,16,4,128,patch,2,234.41358178949818
47,1,8192,8192,16,4,128,main,2,303.412128960894
48,1,16384,16384,16,4,128,main,0,896.6205213380897
48,1,16384,16384,16,4,128,patch,0,856.0135928930434
48,1,16384,16384,16,4,128,patch,1,865.8519994754058
48,1,16384,16384,16,4,128,main,1,938.9574188058094
48,1,16384,16384,16,4,128,main,2,931.6596352692807
48,1,16384,16384,16,4,128,patch,2,871.0734557021748
49,1,2049,8193,16,4,128,patch,0,131.665221148545
49,1,2049,8193,16,4,128,main,0,112.20581396717391
49,1,2049,8193,16,4,128,main,1,113.63188177347183
49,1,2049,8193,16,4,128,patch,1,112.30019438444016
49,1,2049,8193,16,4,128,patch,2,112.98417278698513
49,1,2049,8193,16,4,128,main,2,115.49466086232893
50,1,128,8192,16,1,128,main,0,99.75914892281754
50,1,128,8192,16,1,128,patch,0,99.3961324950434
50,1,128,8192,16,1,128,patch,1,99.44581701843576
50,1,128,8192,16,1,128,main,1,99.80080710502052
50,1,128,8192,16,1,128,main,2,99.85464695732348
50,1,128,8192,16,1,128,patch,2,99.49525900055907
51,1,2048,2048,16,1,128,patch,0,41.763844831160704
51,1,2048,2048,16,1,128,main,0,42.10639362765187
51,1,2048,2048,16,1,128,main,1,35.576737002629365
51,1,2048,2048,16,1,128,patch,1,34.776115457257696
51,1,2048,2048,16,1,128,patch,2,37.549024420356446
51,1,2048,2048,16,1,128,main,2,36.97077246186765
52,1,8192,8192,16,1,128,main,0,220.7839197665453
52,1,8192,8192,16,1,128,patch,0,225.14397326307983
52,1,8192,8192,16,1,128,patch,1,234.86759822220492
52,1,8192,8192,16,1,128,main,1,233.05514054511912
52,1,8192,8192,16,1,128,main,2,231.46106364040438
52,1,8192,8192,16,1,128,patch,2,234.37717178357153
53,1,16384,16384,16,1,128,patch,0,862.9399663260003
53,1,16384,16384,16,1,128,main,0,862.6424181011488
53,1,16384,16384,16,1,128,main,1,863.0778474303393
53,1,16384,16384,16,1,128,patch,1,870.8344623446465
53,1,16384,16384,16,1,128,patch,2,875.6375381579767
53,1,16384,16384,16,1,128,main,2,863.243279570625
54,1,2049,8193,16,1,128,main,0,133.61249726601423
54,1,2049,8193,16,1,128,patch,0,107.34118944481283
54,1,2049,8193,16,1,128,patch,1,107.49885572209875
54,1,2049,8193,16,1,128,main,1,108.43585223378533
54,1,2049,8193,16,1,128,main,2,110.20345358754234
54,1,2049,8193,16,1,128,patch,2,112.02739618665022
55,1,128,8192,5,5,128,patch,0,66.33406838482767
55,1,128,8192,5,5,128,main,0,65.66091898331496
55,1,128,8192,5,5,128,main,1,65.63584531976738
55,1,128,8192,5,5,128,patch,1,65.65938339392257
55,1,128,8192,5,5,128,patch,2,65.76402331848777
55,1,128,8192,5,5,128,main,2,65.62996913977712
56,1,2048,2048,5,5,128,main,0,47.329553409974444
56,1,2048,2048,5,5,128,patch,0,39.89128855577002
56,1,2048,2048,5,5,128,patch,1,40.21499646197254
56,1,2048,2048,5,5,128,main,1,39.68325994248338
56,1,2048,2048,5,5,128,main,2,39.192888938166476
56,1,2048,2048,5,5,128,patch,2,41.149953465720955
57,1,8192,8192,5,5,128,patch,0,107.42591019109416
57,1,8192,8192,5,5,128,main,0,125.2076023132069
57,1,8192,8192,5,5,128,main,1,125.1573243422153
57,1,8192,8192,5,5,128,patch,1,107.33264219742297
57,1,8192,8192,5,5,128,patch,2,107.02449363179323
57,1,8192,8192,5,5,128,main,2,125.386797308505
58,1,16384,16384,5,5,128,main,0,392.22335015855185
58,1,16384,16384,5,5,128,patch,0,393.59642959330694
58,1,16384,16384,5,5,128,patch,1,375.27773546301614
58,1,16384,16384,5,5,128,main,1,376.098734828142
58,1,16384,16384,5,5,128,main,2,371.14546696345013
58,1,16384,16384,5,5,128,patch,2,385.66798256145967
59,1,2049,8193,5,5,128,patch,0,97.4012450921157
59,1,2049,8193,5,5,128,main,0,96.51458679085098
59,1,2049,8193,5,5,128,main,1,96.48344998686821
59,1,2049,8193,5,5,128,patch,1,96.37526603293244
59,1,2049,8193,5,5,128,patch,2,96.35300582511279
59,1,2049,8193,5,5,128,main,2,96.50854688053104
60,4,128,8192,16,16,64,main,0,67.46770130801146
60,4,128,8192,16,16,64,patch,0,67.74092303030882
60,4,128,8192,16,16,64,patch,1,67.63681631294352
60,4,128,8192,16,16,64,main,1,67.40843312930838
60,4,128,8192,16,16,64,main,2,67.33109584943516
60,4,128,8192,16,16,64,patch,2,67.6553937638628
61,4,2048,2048,16,16,64,patch,0,63.92619004335262
61,4,2048,2048,16,16,64,main,0,77.50333221009998
61,4,2048,2048,16,16,64,main,1,77.43502994131597
61,4,2048,2048,16,16,64,patch,1,62.195749885292464
61,4,2048,2048,16,16,64,patch,2,62.16196916579042
61,4,2048,2048,16,16,64,main,2,77.3802587309891
62,4,8192,8192,16,16,64,main,0,732.4876429429695
62,4,8192,8192,16,16,64,patch,0,687.8480589647087
62,4,8192,8192,16,16,64,patch,1,706.5241183295394
62,4,8192,8192,16,16,64,main,1,780.4944948253468
62,4,8192,8192,16,16,64,main,2,775.5607982476553
62,4,8192,8192,16,16,64,patch,2,700.6835890567208
63,4,16384,16384,16,16,64,patch,0,2679.155891006057
63,4,16384,16384,16,16,64,main,0,2780.240949462442
63,4,16384,16384,16,16,64,main,1,2786.425597327096
63,4,16384,16384,16,16,64,patch,1,2692.382251894152
63,4,16384,16384,16,16,64,patch,2,2698.175979985131
63,4,16384,16384,16,16,64,main,2,2788.325639332042
64,4,2049,8193,16,16,64,main,0,351.09697573068667
64,4,2049,8193,16,16,64,patch,0,345.3142686387685
64,4,2049,8193,16,16,64,patch,1,348.0525990488075
64,4,2049,8193,16,16,64,main,1,367.0884951095749
64,4,2049,8193,16,16,64,main,2,370.5268201465431
64,4,2049,8193,16,16,64,patch,2,345.96200101077557
65,4,128,8192,16,4,64,patch,0,93.07276100563489
65,4,128,8192,16,4,64,main,0,92.18625128473602
65,4,128,8192,16,4,64,main,1,92.20752511041384
65,4,128,8192,16,4,64,patch,1,92.12294900273191
65,4,128,8192,16,4,64,patch,2,92.120493728886
65,4,128,8192,16,4,64,main,2,92.20633732255719
66,4,2048,2048,16,4,64,main,0,71.9685938058561
66,4,2048,2048,16,4,64,patch,0,56.938813865121645
66,4,2048,2048,16,4,64,patch,1,58.00512620651124
66,4,2048,2048,16,4,64,main,1,71.93689495867606
66,4,2048,2048,16,4,64,main,2,71.96084909579332
66,4,2048,2048,16,4,64,patch,2,56.0567570606783
67,4,8192,8192,16,4,64,patch,0,643.1198957698797
67,4,8192,8192,16,4,64,main,0,703.2820009626448
67,4,8192,8192,16,4,64,main,1,706.208738913903
67,4,8192,8192,16,4,64,patch,1,678.0150722766268
67,4,8192,8192,16,4,64,patch,2,671.1108228739571
67,4,8192,8192,16,4,64,main,2,722.1253118515015
68,4,16384,16384,16,4,64,main,0,2656.69497465476
68,4,16384,16384,16,4,64,patch,0,2615.8113918806375
68,4,16384,16384,16,4,64,patch,1,2615.901399303127
68,4,16384,16384,16,4,64,main,1,2681.723561551836
68,4,16384,16384,16,4,64,main,2,2659.93422932095
68,4,16384,16384,16,4,64,patch,2,2625.3301710695832
69,4,2049,8193,16,4,64,patch,0,319.25950220311023
69,4,2049,8193,16,4,64,main,0,329.8878736882342
69,4,2049,8193,16,4,64,main,1,327.4352515581995
69,4,2049,8193,16,4,64,patch,1,319.1763897067152
69,4,2049,8193,16,4,64,patch,2,320.09272774060565
69,4,2049,8193,16,4,64,main,2,331.1170270084864
70,4,128,8192,16,1,64,main,0,92.38027176625437
70,4,128,8192,16,1,64,patch,0,91.90994597355063
70,4,128,8192,16,1,64,patch,1,92.02384569975328
70,4,128,8192,16,1,64,main,1,92.18305063831222
70,4,128,8192,16,1,64,main,2,92.17416931089409
70,4,128,8192,16,1,64,patch,2,92.0514587488366
71,4,2048,2048,16,1,64,patch,0,56.26402592550856
71,4,2048,2048,16,1,64,main,0,67.3538980310665
71,4,2048,2048,16,1,64,main,1,67.3682839470975
71,4,2048,2048,16,1,64,patch,1,55.69398096216445
71,4,2048,2048,16,1,64,patch,2,55.725747721349364
71,4,2048,2048,16,1,64,main,2,67.3938381343006
72,4,8192,8192,16,1,64,main,0,649.7087975343069
72,4,8192,8192,16,1,64,patch,0,657.4793142931802
72,4,8192,8192,16,1,64,patch,1,669.484286636546
72,4,8192,8192,16,1,64,main,1,680.8500437808216
72,4,8192,8192,16,1,64,main,2,676.9602369906297
72,4,8192,8192,16,1,64,patch,2,664.498820900917
73,4,16384,16384,16,1,64,patch,0,2588.4264051914215
73,4,16384,16384,16,1,64,main,0,2621.1442174138247
73,4,16384,16384,16,1,64,main,1,2620.464415163607
73,4,16384,16384,16,1,64,patch,1,2608.4696086677345
73,4,16384,16384,16,1,64,patch,2,2603.1662837879076
73,4,16384,16384,16,1,64,main,2,2620.456656894168
74,4,2049,8193,16,1,64,main,0,320.9113538745911
74,4,2049,8193,16,1,64,patch,0,310.11780665980444
74,4,2049,8193,16,1,64,patch,1,311.05474967052504
74,4,2049,8193,16,1,64,main,1,313.96882798936633
74,4,2049,8193,16,1,64,main,2,315.2135785435399
74,4,2049,8193,16,1,64,patch,2,310.91688589616257
75,4,128,8192,5,5,64,patch,0,65.63400189435468
75,4,128,8192,5,5,64,main,0,65.52932334912789
75,4,128,8192,5,5,64,main,1,65.4190939125622
75,4,128,8192,5,5,64,patch,1,65.74654109115016
75,4,128,8192,5,5,64,patch,2,66.01820705437113
75,4,128,8192,5,5,64,main,2,65.55944202077943
76,4,2048,2048,5,5,64,main,0,50.79435026950913
76,4,2048,2048,5,5,64,patch,0,41.904624121807444
76,4,2048,2048,5,5,64,patch,1,43.34471165128644
76,4,2048,2048,5,5,64,main,1,51.780590322836765
76,4,2048,2048,5,5,64,main,2,50.7095571045714
76,4,2048,2048,5,5,64,patch,2,41.96712227987219
77,4,8192,8192,5,5,64,patch,0,258.98978352008095
77,4,8192,8192,5,5,64,main,0,281.1196694259381
77,4,8192,8192,5,5,64,main,1,280.970446432579
77,4,8192,8192,5,5,64,patch,1,258.27757061659537
77,4,8192,8192,5,5,64,patch,2,257.1203894799966
77,4,8192,8192,5,5,64,main,2,280.2605856458346
78,4,16384,16384,5,5,64,main,0,916.2022628874149
78,4,16384,16384,5,5,64,patch,0,899.8019616558867
78,4,16384,16384,5,5,64,patch,1,906.9266307921637
78,4,16384,16384,5,5,64,main,1,938.5438346371209
78,4,16384,16384,5,5,64,main,2,939.7893069994332
78,4,16384,16384,5,5,64,patch,2,903.6036251850848
79,4,2049,8193,5,5,64,patch,0,180.9930498821075
79,4,2049,8193,5,5,64,main,0,181.9308922575439
79,4,2049,8193,5,5,64,main,1,181.97186058280113
79,4,2049,8193,5,5,64,patch,1,179.90136204513314
79,4,2049,8193,5,5,64,patch,2,180.2046241538595
79,4,2049,8193,5,5,64,main,2,182.16029352032095
80,4,128,8192,16,16,96,main,0,77.82912148302363
80,4,128,8192,16,16,96,patch,0,77.87293421619749
80,4,128,8192,16,16,96,patch,1,77.87279305374547
80,4,128,8192,16,16,96,main,1,77.86118066384016
80,4,128,8192,16,16,96,main,2,77.84792852142583
80,4,128,8192,16,16,96,patch,2,77.84392940068128
81,4,2048,2048,16,16,96,patch,0,67.50616845544253
81,4,2048,2048,16,16,96,main,0,80.96326534356271
81,4,2048,2048,16,16,96,main,1,80.99105940262477
81,4,2048,2048,16,16,96,patch,1,69.25546198231832
81,4,2048,2048,16,16,96,patch,2,69.08359909160978
81,4,2048,2048,16,16,96,main,2,81.74637029313978
82,4,8192,8192,16,16,96,main,0,917.3693339029948
82,4,8192,8192,16,16,96,patch,0,841.4477939191072
82,4,8192,8192,16,16,96,patch,1,832.1384720713179
82,4,8192,8192,16,16,96,main,1,895.6098556518555
82,4,8192,8192,16,16,96,main,2,880.7824615102547
82,4,8192,8192,16,16,96,patch,2,842.4078592082911
83,4,16384,16384,16,16,96,patch,0,3146.9873459108417
83,4,16384,16384,16,16,96,main,0,3320.3622698783875
83,4,16384,16384,16,16,96,main,1,3300.9776658025285
83,4,16384,16384,16,16,96,patch,1,3214.43510055542
83,4,16384,16384,16,16,96,patch,2,3229.6617853230446
83,4,16384,16384,16,16,96,main,2,3309.7097277641296
84,4,2049,8193,16,16,96,main,0,428.821220209724
84,4,2049,8193,16,16,96,patch,0,428.24981667569295
84,4,2049,8193,16,16,96,patch,1,409.328076170712
84,4,2049,8193,16,16,96,main,1,430.73844940078504
84,4,2049,8193,16,16,96,main,2,427.93876265511295
84,4,2049,8193,16,16,96,patch,2,417.3033411664087
85,4,128,8192,16,4,96,patch,0,100.67575592167523
85,4,128,8192,16,4,96,main,0,94.32551637291908
85,4,128,8192,16,4,96,main,1,94.29872113091129
85,4,128,8192,16,4,96,patch,1,94.31480624858231
85,4,128,8192,16,4,96,patch,2,94.32589460069329
85,4,128,8192,16,4,96,main,2,94.31364025799033
86,4,2048,2048,16,4,96,main,0,74.94722745985607
86,4,2048,2048,16,4,96,patch,0,60.39593963613434
86,4,2048,2048,16,4,96,patch,1,61.927041156554274
86,4,2048,2048,16,4,96,main,1,74.80627727710593
86,4,2048,2048,16,4,96,main,2,74.89166874998887
86,4,2048,2048,16,4,96,patch,2,60.03224339903049
87,4,8192,8192,16,4,96,patch,0,800.2475298502866
87,4,8192,8192,16,4,96,main,0,841.207466239021
87,4,8192,8192,16,4,96,main,1,859.0228362516923
87,4,8192,8192,16,4,96,patch,1,806.6508935279205
87,4,8192,8192,16,4,96,patch,2,801.9186082093612
87,4,8192,8192,16,4,96,main,2,856.2520373435248
88,4,16384,16384,16,4,96,main,0,3189.1060024499893
88,4,16384,16384,16,4,96,patch,0,3123.235087240896
88,4,16384,16384,16,4,96,patch,1,3125.817791108162
88,4,16384,16384,16,4,96,main,1,3207.2234630584717
88,4,16384,16384,16,4,96,main,2,3200.383996963501
88,4,16384,16384,16,4,96,patch,2,3118.8005170514507
89,4,2049,8193,16,4,96,patch,0,385.74368904516535
89,4,2049,8193,16,4,96,main,0,391.9916647811269
89,4,2049,8193,16,4,96,main,1,387.6443806007437
89,4,2049,8193,16,4,96,patch,1,382.9679633384426
89,4,2049,8193,16,4,96,patch,2,383.9022547006607
89,4,2049,8193,16,4,96,main,2,389.2436848130337
90,4,128,8192,16,1,96,main,0,97.27927126375376
90,4,128,8192,16,1,96,patch,0,94.30481696862311
90,4,128,8192,16,1,96,patch,1,94.32367037837678
90,4,128,8192,16,1,96,main,1,94.29412694421295
90,4,128,8192,16,1,96,main,2,94.28698681977976
90,4,128,8192,16,1,96,patch,2,94.36047766589526
91,4,2048,2048,16,1,96,patch,0,59.87412259368699
91,4,2048,2048,16,1,96,main,0,70.41477936285513
91,4,2048,2048,16,1,96,main,1,70.4835967793141
91,4,2048,2048,16,1,96,patch,1,59.655517484221996
91,4,2048,2048,16,1,96,patch,2,60.43792798959419
91,4,2048,2048,16,1,96,main,2,70.63859453968539
92,4,8192,8192,16,1,96,main,0,821.0794660780165
92,4,8192,8192,16,1,96,patch,0,782.6048006182132
92,4,8192,8192,16,1,96,patch,1,795.5299510675318
92,4,8192,8192,16,1,96,main,1,798.9193607220607
92,4,8192,8192,16,1,96,main,2,797.914666564841
92,4,8192,8192,16,1,96,patch,2,797.2550787756928
93,4,16384,16384,16,1,96,patch,0,3096.590547850638
93,4,16384,16384,16,1,96,main,0,3068.216010928154
93,4,16384,16384,16,1,96,main,1,3121.1685211427753
93,4,16384,16384,16,1,96,patch,1,3093.2665794126447
93,4,16384,16384,16,1,96,patch,2,3116.7318744044146
93,4,16384,16384,16,1,96,main,2,3106.486705041701
94,4,2049,8193,16,1,96,main,0,382.6972515944621
94,4,2049,8193,16,1,96,patch,0,361.0967660727708
94,4,2049,8193,16,1,96,patch,1,365.60514945050943
94,4,2049,8193,16,1,96,main,1,367.03314539045095
94,4,2049,8193,16,1,96,main,2,373.3016045033177
94,4,2049,8193,16,1,96,patch,2,365.746227497793
95,4,128,8192,5,5,96,patch,0,79.39163927509014
95,4,128,8192,5,5,96,main,0,75.89321885145071
95,4,128,8192,5,5,96,main,1,75.8574735302793
95,4,128,8192,5,5,96,patch,1,75.84945867099216
95,4,128,8192,5,5,96,patch,2,75.82984140029845
95,4,128,8192,5,5,96,main,2,75.86214299450555
96,4,2048,2048,5,5,96,main,0,52.39979227954572
96,4,2048,2048,5,5,96,patch,0,41.475564532495994
96,4,2048,2048,5,5,96,patch,1,41.913941212487025
96,4,2048,2048,5,5,96,main,1,52.949593036989626
96,4,2048,2048,5,5,96,main,2,54.33309938949007
96,4,2048,2048,5,5,96,patch,2,38.594835609226635
97,4,8192,8192,5,5,96,patch,0,286.83640115855195
97,4,8192,8192,5,5,96,main,0,310.41391875220944
97,4,8192,8192,5,5,96,main,1,312.46215801873655
97,4,8192,8192,5,5,96,patch,1,302.76486642294
97,4,8192,8192,5,5,96,patch,2,301.62678570659074
97,4,8192,8192,5,5,96,main,2,316.2070667001524
98,4,16384,16384,5,5,96,main,0,1102.2376227886118
98,4,16384,16384,5,5,96,patch,0,1074.6951036983066
98,4,16384,16384,5,5,96,patch,1,1080.2824192268902
98,4,16384,16384,5,5,96,main,1,1096.009482572108
98,4,16384,16384,5,5,96,main,2,1106.6552674633333
98,4,16384,16384,5,5,96,patch,2,1066.953248447842
99,4,2049,8193,5,5,96,patch,0,199.39540322313363
99,4,2049,8193,5,5,96,main,0,189.36034668978454
99,4,2049,8193,5,5,96,main,1,189.2063319683075
99,4,2049,8193,5,5,96,patch,1,189.13866076842848
99,4,2049,8193,5,5,96,patch,2,189.04975714480005
99,4,2049,8193,5,5,96,main,2,189.34329518792674
100,4,128,8192,16,16,128,main,0,69.78634552034032
100,4,128,8192,16,16,128,patch,0,69.75479052325181
100,4,128,8192,16,16,128,patch,1,70.02924139933764
100,4,128,8192,16,16,128,main,1,69.81386749177462
100,4,128,8192,16,16,128,main,2,69.79751202013219
100,4,128,8192,16,16,128,patch,2,69.76152347992854
101,4,2048,2048,16,16,128,patch,0,81.88047630306284
101,4,2048,2048,16,16,128,main,0,88.19318723236442
101,4,2048,2048,16,16,128,main,1,89.12344680174247
101,4,2048,2048,16,16,128,patch,1,84.27181621253717
101,4,2048,2048,16,16,128,patch,2,83.7040669324561
101,4,2048,2048,16,16,128,main,2,89.0227570706597
102,4,8192,8192,16,16,128,main,0,1001.1759227681383
102,4,8192,8192,16,16,128,patch,0,974.2409592866898
102,4,8192,8192,16,16,128,patch,1,984.6022756476151
102,4,8192,8192,16,16,128,main,1,1021.4802709858069
102,4,8192,8192,16,16,128,main,2,998.0330383000166
102,4,8192,8192,16,16,128,patch,2,961.6487952742247
103,4,16384,16384,16,16,128,patch,0,3747.2285628318787
103,4,16384,16384,16,16,128,main,0,3731.9274040368887
103,4,16384,16384,16,16,128,main,1,3726.784009199876
103,4,16384,16384,16,16,128,patch,1,3684.0047394787825
103,4,16384,16384,16,16,128,patch,2,3671.2344609774073
103,4,16384,16384,16,16,128,main,2,3776.7458328833945
104,4,2049,8193,16,16,128,main,0,500.1145062676395
104,4,2049,8193,16,16,128,patch,0,483.1894504057395
104,4,2049,8193,16,16,128,patch,1,482.9673844051885
104,4,2049,8193,16,16,128,main,1,484.7468439075682
104,4,2049,8193,16,16,128,main,2,483.68979151783094
104,4,2049,8193,16,16,128,patch,2,492.1361787451638
105,4,128,8192,16,4,128,patch,0,117.34350019833073
105,4,128,8192,16,4,128,main,0,107.80411025652518
105,4,128,8192,16,4,128,main,1,107.6739662822735
105,4,128,8192,16,4,128,patch,1,106.706619132399
105,4,128,8192,16,4,128,patch,2,106.70214109122753
105,4,128,8192,16,4,128,main,2,107.70388884890464
106,4,2048,2048,16,4,128,main,0,77.75788878855978
106,4,2048,2048,16,4,128,patch,0,68.17527297268168
106,4,2048,2048,16,4,128,patch,1,68.63597721250314
106,4,2048,2048,16,4,128,main,1,81.63656953049477
106,4,2048,2048,16,4,128,main,2,79.94837219966708
106,4,2048,2048,16,4,128,patch,2,68.42946019901827
107,4,8192,8192,16,4,128,patch,0,853.559018227092
107,4,8192,8192,16,4,128,main,0,953.3014533283947
107,4,8192,8192,16,4,128,main,1,963.2435484030813
107,4,8192,8192,16,4,128,patch,1,894.5791364884844
107,4,8192,8192,16,4,128,patch,2,909.1839995047059
107,4,8192,8192,16,4,128,main,2,963.7516529663749
108,4,16384,16384,16,4,128,main,0,3586.451204617818
108,4,16384,16384,16,4,128,patch,0,3559.1371485165187
108,4,16384,16384,16,4,128,patch,1,3529.1567378573945
108,4,16384,16384,16,4,128,main,1,3585.221935201574
108,4,16384,16384,16,4,128,main,2,3562.285034744828
108,4,16384,16384,16,4,128,patch,2,3552.5700781080454
109,4,2049,8193,16,4,128,patch,0,433.3376711034506
109,4,2049,8193,16,4,128,main,0,437.57308018270624
109,4,2049,8193,16,4,128,main,1,437.9851851198409
109,4,2049,8193,16,4,128,patch,1,438.9136591105881
109,4,2049,8193,16,4,128,patch,2,429.35633442054194
109,4,2049,8193,16,4,128,main,2,456.0033668028681
110,4,128,8192,16,1,128,main,0,107.45676204972311
110,4,128,8192,16,1,128,patch,0,98.67881567096421
110,4,128,8192,16,1,128,patch,1,98.82407392349849
110,4,128,8192,16,1,128,main,1,100.8298821747303
110,4,128,8192,16,1,128,main,2,100.80537506904278
110,4,128,8192,16,1,128,patch,2,98.65633932252724
111,4,2048,2048,16,1,128,patch,0,74.69230319483805
111,4,2048,2048,16,1,128,main,0,78.5913069376848
111,4,2048,2048,16,1,128,main,1,76.90872724887004
111,4,2048,2048,16,1,128,patch,1,66.39178138979472
111,4,2048,2048,16,1,128,patch,2,67.57272621440048
111,4,2048,2048,16,1,128,main,2,74.50472444295883
112,4,8192,8192,16,1,128,main,0,918.21095723064
112,4,8192,8192,16,1,128,patch,0,882.7602457754391
112,4,8192,8192,16,1,128,patch,1,898.7957203742301
112,4,8192,8192,16,1,128,main,1,905.6598347425461
112,4,8192,8192,16,1,128,main,2,908.9628230122959
112,4,8192,8192,16,1,128,patch,2,894.5053242942662
113,4,16384,16384,16,1,128,patch,0,3636.0058278748484
113,4,16384,16384,16,1,128,main,0,3508.752022470747
113,4,16384,16384,16,1,128,main,1,3525.995854978208
113,4,16384,16384,16,1,128,patch,1,3517.007989542825
113,4,16384,16384,16,1,128,patch,2,3509.6841564884894
113,4,16384,16384,16,1,128,main,2,3537.276435781408
114,4,2049,8193,16,1,128,main,0,436.8918249788492
114,4,2049,8193,16,1,128,patch,0,406.47556776172115
114,4,2049,8193,16,1,128,patch,1,409.39634908171536
114,4,2049,8193,16,1,128,main,1,408.3937741265508
114,4,2049,8193,16,1,128,main,2,421.99424657915614
114,4,2049,8193,16,1,128,patch,2,416.6576599456229
115,4,128,8192,5,5,128,patch,0,71.70825954808494
115,4,128,8192,5,5,128,main,0,67.53713977707308
115,4,128,8192,5,5,128,main,1,67.55254131548845
115,4,128,8192,5,5,128,patch,1,67.55920255891236
115,4,128,8192,5,5,128,patch,2,67.53726163000431
115,4,128,8192,5,5,128,main,2,67.55210727155539
116,4,2048,2048,5,5,128,main,0,54.88631594517644
116,4,2048,2048,5,5,128,patch,0,39.148910478423765
116,4,2048,2048,5,5,128,patch,1,39.16819984248529
116,4,2048,2048,5,5,128,main,1,55.38262950566531
116,4,2048,2048,5,5,128,main,2,54.86192375080276
116,4,2048,2048,5,5,128,patch,2,40.27868041134987
117,4,8192,8192,5,5,128,patch,0,318.60843851958236
117,4,8192,8192,5,5,128,main,0,344.01142797550233
117,4,8192,8192,5,5,128,main,1,339.718183799952
117,4,8192,8192,5,5,128,patch,1,334.7795554806316
117,4,8192,8192,5,5,128,patch,2,334.78868705957007
117,4,8192,8192,5,5,128,main,2,350.32468982811633
118,4,16384,16384,5,5,128,main,0,1245.6826096357302
118,4,16384,16384,5,5,128,patch,0,1144.3778986022585
118,4,16384,16384,5,5,128,patch,1,1201.9956344133848
118,4,16384,16384,5,5,128,main,1,1260.2942155467138
118,4,16384,16384,5,5,128,main,2,1238.1852629937623
118,4,16384,16384,5,5,128,patch,2,1171.7028561092557
119,4,2049,8193,5,5,128,patch,0,226.34656147004748
119,4,2049,8193,5,5,128,main,0,195.05835456006668
119,4,2049,8193,5,5,128,main,1,194.35278239046656
119,4,2049,8193,5,5,128,patch,1,200.24644895171633
119,4,2049,8193,5,5,128,patch,2,201.32747547752612
119,4,2049,8193,5,5,128,main,2,196.82606524393373
120,16,128,8192,16,16,64,main,0,140.4401698803648
120,16,128,8192,16,16,64,patch,0,142.14826677784777
120,16,128,8192,16,16,64,patch,1,142.6345613810856
120,16,128,8192,16,16,64,main,1,141.83930448981613
120,16,128,8192,16,16,64,main,2,142.36951473901962
120,16,128,8192,16,16,64,patch,2,145.48462588572875
121,16,2048,2048,16,16,64,patch,0,216.930076600732
121,16,2048,2048,16,16,64,main,0,232.39542099145743
121,16,2048,2048,16,16,64,main,1,233.40690783832386
121,16,2048,2048,16,16,64,patch,1,221.32222875545585
121,16,2048,2048,16,16,64,patch,2,223.74647460589753
121,16,2048,2048,16,16,64,main,2,228.65034432749735
122,16,8192,8192,16,16,64,main,0,2891.9835735011743
122,16,8192,8192,16,16,64,patch,0,2818.389661171857
122,16,8192,8192,16,16,64,patch,1,2819.200904028756
122,16,8192,8192,16,16,64,main,1,2890.911992858438
122,16,8192,8192,16,16,64,main,2,2874.963399135705
122,16,8192,8192,16,16,64,patch,2,2819.5912974221364
123,16,16384,16384,16,16,64,patch,0,10715.982225206164
123,16,16384,16384,16,16,64,main,0,10909.61774190267
123,16,16384,16384,16,16,64,main,1,10956.088913811576
123,16,16384,16384,16,16,64,patch,1,10796.536763509115
123,16,16384,16384,16,16,64,patch,2,10794.947730170357
123,16,16384,16384,16,16,64,main,2,10938.35735321045
124,16,2049,8193,16,16,64,main,0,1391.48980127254
124,16,2049,8193,16,16,64,patch,0,1380.400914805276
124,16,2049,8193,16,16,64,patch,1,1374.2217149053301
124,16,2049,8193,16,16,64,main,1,1412.1934371208079
124,16,2049,8193,16,16,64,main,2,1407.6042315539191
124,16,2049,8193,16,16,64,patch,2,1378.8141902063933
125,16,128,8192,16,4,64,patch,0,101.6528732729274
125,16,128,8192,16,4,64,main,0,98.13741675356738
125,16,128,8192,16,4,64,main,1,97.61123472434046
125,16,128,8192,16,4,64,patch,1,98.82064161385283
125,16,128,8192,16,4,64,patch,2,99.61325190512531
125,16,128,8192,16,4,64,main,2,98.74440840369947
126,16,2048,2048,16,4,64,main,0,206.18472656541726
126,16,2048,2048,16,4,64,patch,0,193.9220979303411
126,16,2048,2048,16,4,64,patch,1,193.06748214417135
126,16,2048,2048,16,4,64,main,1,208.13916521249237
126,16,2048,2048,16,4,64,main,2,209.2063831601371
126,16,2048,2048,16,4,64,patch,2,195.9185107227634
127,16,8192,8192,16,4,64,patch,0,2711.417267197057
127,16,8192,8192,16,4,64,main,0,2763.6900424957275
127,16,8192,8192,16,4,64,main,1,2751.8207958766393
127,16,8192,8192,16,4,64,patch,1,2700.6328768200347
127,16,8192,8192,16,4,64,patch,2,2697.1137722333274
127,16,8192,8192,16,4,64,main,2,2762.479543685913
128,16,16384,16384,16,4,64,main,0,10610.730701022678
128,16,16384,16384,16,4,64,patch,0,10487.601704067654
128,16,16384,16384,16,4,64,patch,1,10543.793784247506
128,16,16384,16384,16,4,64,main,1,10639.541414048937
128,16,16384,16384,16,4,64,main,2,10638.531684875488
128,16,16384,16384,16,4,64,patch,2,10537.151972452799
129,16,2049,8193,16,4,64,patch,0,1222.5347168651629
129,16,2049,8193,16,4,64,main,0,1237.5792187529723
129,16,2049,8193,16,4,64,main,1,1231.3515779219176
129,16,2049,8193,16,4,64,patch,1,1236.1718981693953
129,16,2049,8193,16,4,64,patch,2,1228.556717053438
129,16,2049,8193,16,4,64,main,2,1243.335064355429
130,16,128,8192,16,1,64,main,0,98.47530384593333
130,16,128,8192,16,1,64,patch,0,95.9023125076366
130,16,128,8192,16,1,64,patch,1,95.91236542275344
130,16,128,8192,16,1,64,main,1,96.10249394778725
130,16,128,8192,16,1,64,main,2,96.08226797099789
130,16,128,8192,16,1,64,patch,2,95.82262217953418
131,16,2048,2048,16,1,64,patch,0,187.97693044640297
131,16,2048,2048,16,1,64,main,0,201.12478187710968
131,16,2048,2048,16,1,64,main,1,199.96668912870499
131,16,2048,2048,16,1,64,patch,1,194.16332722147402
131,16,2048,2048,16,1,64,patch,2,194.20307283901207
131,16,2048,2048,16,1,64,main,2,202.7745708823204
132,16,8192,8192,16,1,64,main,0,2690.9887969493866
132,16,8192,8192,16,1,64,patch,0,2685.8222352133857
132,16,8192,8192,16,1,64,patch,1,2696.4453392558626
132,16,8192,8192,16,1,64,main,1,2701.9048862987092
132,16,8192,8192,16,1,64,main,2,2698.9964644114175
132,16,8192,8192,16,1,64,patch,2,2691.2728746732078
133,16,16384,16384,16,1,64,patch,0,10447.313838534885
133,16,16384,16384,16,1,64,main,0,10512.348492940268
133,16,16384,16384,16,1,64,main,1,10557.215902540418
133,16,16384,16384,16,1,64,patch,1,10485.013326009115
133,16,16384,16384,16,1,64,patch,2,10492.366154988607
133,16,16384,16384,16,1,64,main,2,10525.855912102592
134,16,2049,8193,16,1,64,main,0,1170.0057217053004
134,16,2049,8193,16,1,64,patch,0,1166.6786365392732
134,16,2049,8193,16,1,64,patch,1,1169.8966879903535
134,16,2049,8193,16,1,64,main,1,1183.7124070034752
134,16,2049,8193,16,1,64,main,2,1178.160399198532
134,16,2049,8193,16,1,64,patch,2,1168.2607303431005
135,16,128,8192,5,5,64,patch,0,70.67910971444681
135,16,128,8192,5,5,64,main,0,67.60162293454106
135,16,128,8192,5,5,64,main,1,67.60758543510633
135,16,128,8192,5,5,64,patch,1,67.94357948611228
135,16,128,8192,5,5,64,patch,2,67.98023818970815
135,16,128,8192,5,5,64,main,2,67.5987338059589
136,16,2048,2048,5,5,64,main,0,89.4731095333894
136,16,2048,2048,5,5,64,patch,0,83.68943208471187
136,16,2048,2048,5,5,64,patch,1,83.52774237599924
136,16,2048,2048,5,5,64,main,1,89.4046207309914
136,16,2048,2048,5,5,64,main,2,89.41246482713447
136,16,2048,2048,5,5,64,patch,2,83.49440711018927
137,16,8192,8192,5,5,64,patch,0,855.8526915952194
137,16,8192,8192,5,5,64,main,0,929.5489980528752
137,16,8192,8192,5,5,64,main,1,940.4533306757609
137,16,8192,8192,5,5,64,patch,1,889.4143998622894
137,16,8192,8192,5,5,64,patch,2,888.2033807727007
137,16,8192,8192,5,5,64,main,2,934.0450617731833
138,16,16384,16384,5,5,64,main,0,3465.310846056257
138,16,16384,16384,5,5,64,patch,0,3381.321939928778
138,16,16384,16384,5,5,64,patch,1,3380.695170369642
138,16,16384,16384,5,5,64,main,1,3492.228737583867
138,16,16384,16384,5,5,64,main,2,3474.9725801604136
138,16,16384,16384,5,5,64,patch,2,3381.652963572535
139,16,2049,8193,5,5,64,patch,0,434.12418247479474
139,16,2049,8193,5,5,64,main,0,453.3646192747293
139,16,2049,8193,5,5,64,main,1,449.6955150606656
139,16,2049,8193,5,5,64,patch,1,442.4026924194676
139,16,2049,8193,5,5,64,patch,2,439.2815428941988
139,16,2049,8193,5,5,64,main,2,454.5533341976504
140,16,128,8192,16,16,96,main,0,190.06828687685942
140,16,128,8192,16,16,96,patch,0,188.1490408629179
140,16,128,8192,16,16,96,patch,1,191.80800156502784
140,16,128,8192,16,16,96,main,1,195.51148865838795
140,16,128,8192,16,16,96,main,2,190.91799568526352
140,16,128,8192,16,16,96,patch,2,189.95658413099883
141,16,2048,2048,16,16,96,patch,0,266.20721776129267
141,16,2048,2048,16,16,96,main,0,273.2377865001665
141,16,2048,2048,16,16,96,main,1,274.20576208538114
141,16,2048,2048,16,16,96,patch,1,266.82214982540677
141,16,2048,2048,16,16,96,patch,2,268.26063014174764
141,16,2048,2048,16,16,96,main,2,277.6585552427504
142,16,8192,8192,16,16,96,main,0,3566.7450055480003
142,16,8192,8192,16,16,96,patch,0,3365.111470222473
142,16,8192,8192,16,16,96,patch,1,3395.7199965204513
142,16,8192,8192,16,16,96,main,1,3443.9382893698557
142,16,8192,8192,16,16,96,main,2,3436.63318668093
142,16,8192,8192,16,16,96,patch,2,3364.14674232746
143,16,16384,16384,16,16,96,patch,0,12897.718838282994
143,16,16384,16384,16,16,96,main,0,13045.892579214913
143,16,16384,16384,16,16,96,main,1,13100.631032671246
143,16,16384,16384,16,16,96,patch,1,12914.546285356793
143,16,16384,16384,16,16,96,patch,2,12928.164618355888
143,16,16384,16384,16,16,96,main,2,13094.468525477818
144,16,2049,8193,16,16,96,main,0,1625.7948619978768
144,16,2049,8193,16,16,96,patch,0,1656.7641455551675
144,16,2049,8193,16,16,96,patch,1,1658.9230257889321
144,16,2049,8193,16,16,96,main,1,1692.1169476075606
144,16,2049,8193,16,16,96,main,2,1688.1684211262486
144,16,2049,8193,16,16,96,patch,2,1670.598065030986
145,16,128,8192,16,4,96,patch,0,128.26614731248713
145,16,128,8192,16,4,96,main,0,115.2147607894631
145,16,128,8192,16,4,96,main,1,121.38851653660795
145,16,128,8192,16,4,96,patch,1,117.24626601577918
145,16,128,8192,16,4,96,patch,2,118.94039064645767
145,16,128,8192,16,4,96,main,2,120.51206028585398
146,16,2048,2048,16,4,96,main,0,257.50362651514934
146,16,2048,2048,16,4,96,patch,0,232.1624230793222
146,16,2048,2048,16,4,96,patch,1,235.97987394475336
146,16,2048,2048,16,4,96,main,1,247.55986748171634
146,16,2048,2048,16,4,96,main,2,249.51964489051272
146,16,2048,2048,16,4,96,patch,2,236.47218732272876
147,16,8192,8192,16,4,96,patch,0,3321.4281150272914
147,16,8192,8192,16,4,96,main,0,3275.5939549413224
147,16,8192,8192,16,4,96,main,1,3279.6281288410055
147,16,8192,8192,16,4,96,patch,1,3243.042197720758
147,16,8192,8192,16,4,96,patch,2,3241.585063934326
147,16,8192,8192,16,4,96,main,2,3277.1376576916923
148,16,16384,16384,16,4,96,main,0,12669.124007225037
148,16,16384,16384,16,4,96,patch,0,12613.839983940125
148,16,16384,16384,16,4,96,patch,1,12576.059341430664
148,16,16384,16384,16,4,96,main,1,12648.726735796246
148,16,16384,16384,16,4,96,main,2,12642.637661525181
148,16,16384,16384,16,4,96,patch,2,12601.206643240792
149,16,2049,8193,16,4,96,patch,0,1443.04711288876
149,16,2049,8193,16,4,96,main,0,1484.540993347764
149,16,2049,8193,16,4,96,main,1,1470.5545847232527
149,16,2049,8193,16,4,96,patch,1,1464.2409772583933
149,16,2049,8193,16,4,96,patch,2,1462.0894975960255
149,16,2049,8193,16,4,96,main,2,1477.940009906888
150,16,128,8192,16,1,96,main,0,110.87980975825636
150,16,128,8192,16,1,96,patch,0,108.92799995450105
150,16,128,8192,16,1,96,patch,1,108.67144608270752
150,16,128,8192,16,1,96,main,1,107.3062501974025
150,16,128,8192,16,1,96,main,2,107.41561209667903
150,16,128,8192,16,1,96,patch,2,111.05050147866544
151,16,2048,2048,16,1,96,patch,0,227.23215955555142
151,16,2048,2048,16,1,96,main,0,241.404693822066
151,16,2048,2048,16,1,96,main,1,241.01967341120138
151,16,2048,2048,16,1,96,patch,1,231.68056342433974
151,16,2048,2048,16,1,96,patch,2,229.87023271731476
151,16,2048,2048,16,1,96,main,2,240.61953689797917
152,16,8192,8192,16,1,96,main,0,3227.328012971317
152,16,8192,8192,16,1,96,patch,0,3217.5605138142905
152,16,8192,8192,16,1,96,patch,1,3221.820823351542
152,16,8192,8192,16,1,96,main,1,3215.6842788060508
152,16,8192,8192,16,1,96,main,2,3223.33865960439
152,16,8192,8192,16,1,96,patch,2,3210.074702898661
153,16,16384,16384,16,1,96,patch,0,12490.175928388324
153,16,16384,16384,16,1,96,main,0,12490.776062011719
153,16,16384,16384,16,1,96,main,1,12485.375949314663
153,16,16384,16384,16,1,96,patch,1,12515.268087387085
153,16,16384,16384,16,1,96,patch,2,12449.180006980896
153,16,16384,16384,16,1,96,main,2,12489.26830291748
154,16,2049,8193,16,1,96,main,0,1375.051598617996
154,16,2049,8193,16,1,96,patch,0,1399.286119376912
154,16,2049,8193,16,1,96,patch,1,1400.3614134648267
154,16,2049,8193,16,1,96,main,1,1410.593908224533
154,16,2049,8193,16,1,96,main,2,1389.9778899024516
154,16,2049,8193,16,1,96,patch,2,1403.8141194511861
155,16,128,8192,5,5,96,patch,0,87.02332149414498
155,16,128,8192,5,5,96,main,0,79.22206411455727
155,16,128,8192,5,5,96,main,1,79.03935312661777
155,16,128,8192,5,5,96,patch,1,79.24233070191215
155,16,128,8192,5,5,96,patch,2,79.26267119658054
155,16,128,8192,5,5,96,main,2,79.10420461642035
156,16,2048,2048,5,5,96,main,0,94.18643079179242
156,16,2048,2048,5,5,96,patch,0,90.54064313243609
156,16,2048,2048,5,5,96,patch,1,90.76419370328064
156,16,2048,2048,5,5,96,main,1,97.56904311754086
156,16,2048,2048,5,5,96,main,2,96.79089862991262
156,16,2048,2048,5,5,96,patch,2,90.95081766328867
157,16,8192,8192,5,5,96,patch,0,1076.0086178779602
157,16,8192,8192,5,5,96,main,0,1120.628147949407
157,16,8192,8192,5,5,96,main,1,1129.7146706354051
157,16,8192,8192,5,5,96,patch,1,1061.6540392239888
157,16,8192,8192,5,5,96,patch,2,1068.489952882131
157,16,8192,8192,5,5,96,main,2,1109.2092799551694
158,16,16384,16384,5,5,96,main,0,4231.488015916612
158,16,16384,16384,5,5,96,patch,0,3969.948205947876
158,16,16384,16384,5,5,96,patch,1,4086.699562072754
158,16,16384,16384,5,5,96,main,1,4131.83856010437
158,16,16384,16384,5,5,96,main,2,4137.794653574626
158,16,16384,16384,5,5,96,patch,2,4026.302728652954
159,16,2049,8193,5,5,96,patch,0,534.5355058893745
159,16,2049,8193,5,5,96,main,0,538.5055981576443
159,16,2049,8193,5,5,96,main,1,537.1512303869408
159,16,2049,8193,5,5,96,patch,1,531.1481145006665
159,16,2049,8193,5,5,96,patch,2,533.6757564401053
159,16,2049,8193,5,5,96,main,2,539.1469992697239
160,16,128,8192,16,16,128,main,0,210.00379517055083
160,16,128,8192,16,16,128,patch,0,219.6108677289771
160,16,128,8192,16,16,128,patch,1,208.9385310604517
160,16,128,8192,16,16,128,main,1,218.53872613367423
160,16,128,8192,16,16,128,main,2,211.7392825057615
160,16,128,8192,16,16,128,patch,2,213.2570217660767
161,16,2048,2048,16,16,128,patch,0,295.5687519445316
161,16,2048,2048,16,16,128,main,0,313.15435596214706
161,16,2048,2048,16,16,128,main,1,313.6803052206149
161,16,2048,2048,16,16,128,patch,1,299.7687342184367
161,16,2048,2048,16,16,128,patch,2,303.52327767319565
161,16,2048,2048,16,16,128,main,2,314.99340760707855
162,16,8192,8192,16,16,128,main,0,3950.080000121018
162,16,8192,8192,16,16,128,patch,0,3840.5798530578613
162,16,8192,8192,16,16,128,patch,1,3883.388156890869
162,16,8192,8192,16,16,128,main,1,3887.674629688263
162,16,8192,8192,16,16,128,main,2,3796.5853412946067
162,16,8192,8192,16,16,128,patch,2,3888.418550491333
163,16,16384,16384,16,16,128,patch,0,14881.962617238363
163,16,16384,16384,16,16,128,main,0,14929.242451985678
163,16,16384,16384,16,16,128,main,1,14876.629193623861
163,16,16384,16384,16,16,128,patch,1,14686.741352081299
163,16,16384,16384,16,16,128,patch,2,14754.98135884603
163,16,16384,16384,16,16,128,main,2,14794.23459370931
164,16,2049,8193,16,16,128,main,0,1873.865602016449
164,16,2049,8193,16,16,128,patch,0,1904.4332206249237
164,16,2049,8193,16,16,128,patch,1,1891.3747215270996
164,16,2049,8193,16,16,128,main,1,1960.5593585968018
164,16,2049,8193,16,16,128,main,2,1891.8457674980164
164,16,2049,8193,16,16,128,patch,2,1896.81722338383
165,16,128,8192,16,4,128,patch,0,152.72918967067773
165,16,128,8192,16,4,128,main,0,136.88045930224683
165,16,128,8192,16,4,128,main,1,136.3803292933844
165,16,128,8192,16,4,128,patch,1,138.8152154428618
165,16,128,8192,16,4,128,patch,2,135.06347045511424
165,16,128,8192,16,4,128,main,2,138.4519385832025
166,16,2048,2048,16,4,128,main,0,271.17224701386283
166,16,2048,2048,16,4,128,patch,0,265.683644872294
166,16,2048,2048,16,4,128,patch,1,266.7091895505337
166,16,2048,2048,16,4,128,main,1,284.0236721207218
166,16,2048,2048,16,4,128,main,2,279.91779907485363
166,16,2048,2048,16,4,128,patch,2,271.7123304123748
167,16,8192,8192,16,4,128,patch,0,3722.6030251075485
167,16,8192,8192,16,4,128,main,0,3676.0693391164145
167,16,8192,8192,16,4,128,main,1,3740.81106369312
167,16,8192,8192,16,4,128,patch,1,3655.708303818336
167,16,8192,8192,16,4,128,patch,2,3669.620926563556
167,16,8192,8192,16,4,128,main,2,3705.435092632587
168,16,16384,16384,16,4,128,main,0,14485.700471060616
168,16,16384,16384,16,4,128,patch,0,14255.849157060895
168,16,16384,16384,16,4,128,patch,1,14281.760056813559
168,16,16384,16384,16,4,128,main,1,14244.885285695394
168,16,16384,16384,16,4,128,main,2,14265.769141060966
168,16,16384,16384,16,4,128,patch,2,14256.138642628988
169,16,2049,8193,16,4,128,patch,0,1565.90595789123
169,16,2049,8193,16,4,128,main,0,1653.0745175846837
169,16,2049,8193,16,4,128,main,1,1653.1469508221276
169,16,2049,8193,16,4,128,patch,1,1660.1235845993306
169,16,2049,8193,16,4,128,patch,2,1654.7705290610331
169,16,2049,8193,16,4,128,main,2,1656.2453341065793
170,16,128,8192,16,1,128,main,0,139.41551953183938
170,16,128,8192,16,1,128,patch,0,123.6129468520179
170,16,128,8192,16,1,128,patch,1,124.18301678620853
170,16,128,8192,16,1,128,main,1,126.55113199942333
170,16,128,8192,16,1,128,main,2,124.14298780019362
170,16,128,8192,16,1,128,patch,2,123.86965870799817
171,16,2048,2048,16,1,128,patch,0,253.04459510165432
171,16,2048,2048,16,1,128,main,0,266.82560023452555
171,16,2048,2048,16,1,128,main,1,270.01040475768644
171,16,2048,2048,16,1,128,patch,1,265.7221014589173
171,16,2048,2048,16,1,128,patch,2,261.69876209723196
171,16,2048,2048,16,1,128,main,2,279.4121132365295
172,16,8192,8192,16,1,128,main,0,3641.816785258631
172,16,8192,8192,16,1,128,patch,0,3657.9938393372754
172,16,8192,8192,16,1,128,patch,1,3653.2954021736427
172,16,8192,8192,16,1,128,main,1,3631.581615518641
172,16,8192,8192,16,1,128,main,2,3640.2109640615954
172,16,8192,8192,16,1,128,patch,2,3630.9772363075845
173,16,16384,16384,16,1,128,patch,0,14229.41711970738
173,16,16384,16384,16,1,128,main,0,14040.105138506207
173,16,16384,16384,16,1,128,main,1,14187.567869822184
173,16,16384,16384,16,1,128,patch,1,14122.135026114327
173,16,16384,16384,16,1,128,patch,2,14092.74959564209
173,16,16384,16384,16,1,128,main,2,14024.27441733224
174,16,2049,8193,16,1,128,main,0,1441.6065034219773
174,16,2049,8193,16,1,128,patch,0,1609.0018451213837
174,16,2049,8193,16,1,128,patch,1,1583.1711526776924
174,16,2049,8193,16,1,128,main,1,1534.0380316875019
174,16,2049,8193,16,1,128,main,2,1584.724998101592
174,16,2049,8193,16,1,128,patch,2,1572.621872027715
175,16,128,8192,5,5,128,patch,0,91.66730461854064
175,16,128,8192,5,5,128,main,0,76.91614126866581
175,16,128,8192,5,5,128,main,1,75.72121449126935
175,16,128,8192,5,5,128,patch,1,76.16399409803185
175,16,128,8192,5,5,128,patch,2,77.18739043596082
175,16,128,8192,5,5,128,main,2,77.98563131150237
176,16,2048,2048,5,5,128,main,0,107.09710093493948
176,16,2048,2048,5,5,128,patch,0,104.00004918554829
176,16,2048,2048,5,5,128,patch,1,104.13777678170139
176,16,2048,2048,5,5,128,main,1,108.00868630304853
176,16,2048,2048,5,5,128,main,2,108.63077222145026
176,16,2048,2048,5,5,128,patch,2,104.64350807247303
177,16,8192,8192,5,5,128,patch,0,1222.2901397281223
177,16,8192,8192,5,5,128,main,0,1255.0909334505106
177,16,8192,8192,5,5,128,main,1,1266.3082679112752
177,16,8192,8192,5,5,128,patch,1,1208.9275901134197
177,16,8192,8192,5,5,128,patch,2,1208.7483771642048
177,16,8192,8192,5,5,128,main,2,1266.1628461863897
178,16,16384,16384,5,5,128,main,0,4630.081335703532
178,16,16384,16384,5,5,128,patch,0,4565.819631923329
178,16,16384,16384,5,5,128,patch,1,4747.91009085519
178,16,16384,16384,5,5,128,main,1,4656.2400579452515
178,16,16384,16384,5,5,128,main,2,4706.761574745178
178,16,16384,16384,5,5,128,patch,2,4631.038579073819
179,16,2049,8193,5,5,128,patch,0,626.4365408437473
179,16,2049,8193,5,5,128,main,0,603.4580297033551
179,16,2049,8193,5,5,128,main,1,607.2602733357312
179,16,2049,8193,5,5,128,patch,1,596.4932991312696
179,16,2049,8193,5,5,128,patch,2,606.6703662580373
179,16,2049,8193,5,5,128,main,2,604.854730902047
