dqk,dv,hkv,causal,round,measurement_order,baseline_us,patched_us
64,64,8,False,1,"baseline,patched",65.45680046081543,65.5129623413086
64,64,8,False,2,"patched,baseline",65.45872211456299,65.92512130737305
64,64,8,False,3,"baseline,patched",65.36719799041748,65.48943996429443
64,64,8,False,4,"patched,baseline",65.35312175750732,65.4641580581665
64,64,8,False,5,"baseline,patched",65.34095764160156,65.46463966369629
64,64,8,False,6,"patched,baseline",65.40592193603516,65.47920227050781
64,64,8,False,7,"baseline,patched",65.38159847259521,65.45360088348389
64,64,8,True,1,"baseline,patched",56.41183853149414,56.51472091674805
64,64,8,True,2,"patched,baseline",56.52560234069824,56.511359214782715
64,64,8,True,3,"baseline,patched",56.3105583190918,56.440157890319824
64,64,8,True,4,"patched,baseline",56.20816230773926,56.758079528808594
64,64,8,True,5,"baseline,patched",56.30847930908203,56.48159980773926
64,64,8,True,6,"patched,baseline",56.31087779998779,56.56544208526611
64,64,8,True,7,"baseline,patched",56.39599800109863,56.61248207092285
128,64,8,False,1,"baseline,patched",85.31920433044434,86.89135551452637
128,64,8,False,2,"patched,baseline",89.39488410949707,88.69279861450195
128,64,8,False,3,"baseline,patched",90.32079696655273,89.98736381530762
128,64,8,False,4,"patched,baseline",88.71151924133301,89.03200149536133
128,64,8,False,5,"baseline,patched",89.02159690856934,88.5041618347168
128,64,8,False,6,"patched,baseline",89.40511703491211,89.37904357910156
128,64,8,False,7,"baseline,patched",89.41871643066406,88.64800453186035
128,64,8,True,1,"baseline,patched",74.8203182220459,74.66608047485352
128,64,8,True,2,"patched,baseline",74.73904132843018,74.59727764129639
128,64,8,True,3,"baseline,patched",74.77375984191895,74.61935997009277
128,64,8,True,4,"patched,baseline",74.69888210296631,74.71151828765869
128,64,8,True,5,"baseline,patched",74.73023891448975,74.63759899139404
128,64,8,True,6,"patched,baseline",74.70975875854492,74.60239887237549
128,64,8,True,7,"baseline,patched",74.6608018875122,74.75088119506836
128,128,8,False,1,"baseline,patched",95.22128105163574,96.62192344665527
128,128,8,False,2,"patched,baseline",99.18880462646484,98.44079971313477
128,128,8,False,3,"baseline,patched",99.1158390045166,99.17599678039551
128,128,8,False,4,"patched,baseline",99.14143562316895,99.23328399658203
128,128,8,False,5,"baseline,patched",98.69327545166016,98.57487678527832
128,128,8,False,6,"patched,baseline",99.21248435974121,98.929443359375
128,128,8,False,7,"baseline,patched",99.19631958007812,100.96256256103516
128,128,8,True,1,"baseline,patched",78.33951950073242,78.26303958892822
128,128,8,True,2,"patched,baseline",78.2857608795166,78.24399948120117
128,128,8,True,3,"baseline,patched",78.31664085388184,78.2151985168457
128,128,8,True,4,"patched,baseline",78.29792022705078,78.23967933654785
128,128,8,True,5,"baseline,patched",78.31888198852539,78.24607849121094
128,128,8,True,6,"patched,baseline",78.24207782745361,78.22463989257812
128,128,8,True,7,"baseline,patched",78.15264225006104,78.18048000335693
192,128,8,False,1,"baseline,patched",142.21376419067383,143.0419158935547
192,128,8,False,2,"patched,baseline",142.4409580230713,142.91872024536133
192,128,8,False,3,"baseline,patched",142.89823532104492,142.79343605041504
192,128,8,False,4,"patched,baseline",142.86239624023438,142.9956817626953
192,128,8,False,5,"baseline,patched",142.6807975769043,143.09712409973145
192,128,8,False,6,"patched,baseline",148.0019187927246,146.33071899414062
192,128,8,False,7,"baseline,patched",148.00576210021973,147.3863983154297
192,128,8,True,1,"baseline,patched",118.57728004455566,118.56863975524902
192,128,8,True,2,"patched,baseline",118.42816352844238,118.62112045288086
192,128,8,True,3,"baseline,patched",118.4727954864502,118.53072166442871
192,128,8,True,4,"patched,baseline",118.45536231994629,118.54448318481445
192,128,8,True,5,"baseline,patched",118.45824241638184,118.55008125305176
192,128,8,True,6,"patched,baseline",118.47231864929199,118.56207847595215
192,128,8,True,7,"baseline,patched",118.32639694213867,118.44528198242188
64,64,2,False,1,"baseline,patched",67.24736213684082,67.0743989944458
64,64,2,False,2,"patched,baseline",67.08975791931152,67.07888126373291
64,64,2,False,3,"baseline,patched",67.21439838409424,67.19776153564453
64,64,2,False,4,"patched,baseline",67.05840110778809,67.06943988800049
64,64,2,False,5,"baseline,patched",66.9598388671875,67.02832221984863
64,64,2,False,6,"patched,baseline",66.97840213775635,67.04271793365479
64,64,2,False,7,"baseline,patched",66.98495864868164,67.03311920166016
64,64,2,True,1,"baseline,patched",58.6572790145874,58.540000915527344
64,64,2,True,2,"patched,baseline",58.66879940032959,58.47583770751953
64,64,2,True,3,"baseline,patched",58.63071918487549,58.5265588760376
64,64,2,True,4,"patched,baseline",58.69135856628418,58.54144096374512
64,64,2,True,5,"baseline,patched",58.56560230255127,58.51856231689453
64,64,2,True,6,"patched,baseline",58.595519065856934,58.538880348205566
64,64,2,True,7,"baseline,patched",58.65231990814209,58.47439765930176
128,128,2,False,1,"baseline,patched",105.87984085083008,108.04863929748535
128,128,2,False,2,"patched,baseline",107.05408096313477,107.71471977233887
128,128,2,False,3,"baseline,patched",106.21536254882812,106.31216049194336
128,128,2,False,4,"patched,baseline",106.47439956665039,107.09919929504395
128,128,2,False,5,"baseline,patched",106.26655578613281,107.72576332092285
128,128,2,False,6,"patched,baseline",108.27775955200195,108.15535545349121
128,128,2,False,7,"baseline,patched",106.74575805664062,107.16560363769531
128,128,2,True,1,"baseline,patched",88.6128044128418,88.59696388244629
128,128,2,True,2,"patched,baseline",88.56752395629883,88.50367546081543
128,128,2,True,3,"baseline,patched",88.6297607421875,88.55903625488281
128,128,2,True,4,"patched,baseline",88.63679885864258,88.50784301757812
128,128,2,True,5,"baseline,patched",88.60671997070312,88.56143951416016
128,128,2,True,6,"patched,baseline",88.61599922180176,88.52911949157715
128,128,2,True,7,"baseline,patched",88.64656448364258,88.57263565063477
192,128,2,False,1,"baseline,patched",152.07440376281738,151.87567710876465
192,128,2,False,2,"patched,baseline",151.99151992797852,151.8616008758545
192,128,2,False,3,"baseline,patched",151.99935913085938,151.60191535949707
192,128,2,False,4,"patched,baseline",151.97952270507812,151.80047988891602
192,128,2,False,5,"baseline,patched",151.94432258605957,153.19696426391602
192,128,2,False,6,"patched,baseline",157.27359771728516,155.13279914855957
192,128,2,False,7,"baseline,patched",156.60863876342773,156.0961627960205
192,128,2,True,1,"baseline,patched",133.4768009185791,133.49472045898438
192,128,2,True,2,"patched,baseline",133.56464385986328,133.51584434509277
192,128,2,True,3,"baseline,patched",133.6295986175537,133.55135917663574
192,128,2,True,4,"patched,baseline",133.52831840515137,133.52496147155762
192,128,2,True,5,"baseline,patched",133.50799560546875,133.42592239379883
192,128,2,True,6,"patched,baseline",133.34128379821777,133.4990406036377
192,128,2,True,7,"baseline,patched",133.36527824401855,133.34351539611816
