dqk,dv,hkv,causal,baseline_us,patched_us,latency_change_percent
64,64,8,False,65.38159847259521,65.47920227050781,0.14928328488865716
64,64,8,True,56.31087779998779,56.51472091674805,0.3619959850107213
128,64,8,False,89.39488410949707,88.69279861450195,-0.7853754742107588
128,64,8,True,74.73023891448975,74.63759899139404,-0.1239657793703941
128,128,8,False,99.14143562316895,98.929443359375,-0.21382811582405514
128,128,8,True,78.29792022705078,78.23967933654785,-0.07438370053002297
192,128,8,False,142.86239624023438,143.0419158935547,0.1256591363751447
192,128,8,True,118.45824241638184,118.55008125305176,0.07752844782813462
64,64,2,False,67.05840110778809,67.06943988800049,0.016461442608295407
64,64,2,True,58.65231990814209,58.5265588760376,-0.21441783087430277
128,128,2,False,106.47439956665039,107.71471977233887,1.1648999296888007
128,128,2,True,88.61599922180176,88.55903625488281,-0.06428068003427878
192,128,2,False,151.99935913085938,151.87567710876465,-0.08137009445431387
192,128,2,True,133.50799560546875,133.4990406036377,-0.006707464815458586
